{"credit":"MadewithBlockbench","texture_size":[128,128],"textures":{"4":"elitecreatures:carnivoret_weapon_set/hat"},"elements":[{"from":[3.6006,2.27334,5.3557],"to":[4.4256,10.37334,13.0557],"rotation":{"angle":0,"axis":"y","origin":[8,8,8]},"faces":{"north":{"uv":[1.25,7.5,1.375,8.5],"texture":"#4"},"east":{"uv":[3.5,5.25,4.4375,6.25],"texture":"#4"},"south":{"uv":[1.375,7.5,1.5,8.5],"texture":"#4"},"west":{"uv":[5.25,3.75,6.1875,4.75],"texture":"#4"},"up":{"uv":[4.125,8.4375,4,7.5],"texture":"#4"},"down":{"uv":[0.125,7.625,0,8.5625],"texture":"#4"}}},{"from":[11.5756,2.27334,5.3557],"to":[12.4006,10.37334,13.0557],"rotation":{"angle":0,"axis":"y","origin":[8,8,8]},"faces":{"north":{"uv":[1.5,7.5,1.625,8.5],"texture":"#4"},"east":{"uv":[4.5,5.25,5.4375,6.25],"texture":"#4"},"south":{"uv":[1.625,7.5,1.75,8.5],"texture":"#4"},"west":{"uv":[5.5,4.75,6.4375,5.75],"texture":"#4"},"up":{"uv":[0.25,8.5625,0.125,7.625],"texture":"#4"},"down":{"uv":[0.375,7.625,0.25,8.5625],"texture":"#4"}}},{"from":[4.4256,2.27334,12.0307],"to":[11.5756,10.37334,13.0557],"rotation":{"angle":0,"axis":"y","origin":[8,8,8]},"faces":{"north":{"uv":[5.5,5.75,6.375,6.75],"texture":"#4"},"east":{"uv":[1.75,7.5,1.875,8.5],"texture":"#4"},"south":{"uv":[0,6,0.875,7],"texture":"#4"},"west":{"uv":[1.875,7.5,2,8.5],"texture":"#4"},"up":{"uv":[3.875,7.75,3,7.625],"texture":"#4"},"down":{"uv":[5,7.625,4.125,7.75],"texture":"#4"}}},{"from":[3.6006,8.42334,3.1557],"to":[4.4256,10.37334,5.3557],"rotation":{"angle":0,"axis":"y","origin":[8,8,8]},"faces":{"north":{"uv":[3.375,6,3.5,6.25],"texture":"#4"},"east":{"uv":[5.25,4.75,5.5,5],"texture":"#4"},"south":{"uv":[8,3.25,8.125,3.5],"texture":"#4"},"west":{"uv":[5.25,5,5.5,5.25],"texture":"#4"},"up":{"uv":[8.125,3.75,8,3.5],"texture":"#4"},"down":{"uv":[8.125,7.625,8,7.875],"texture":"#4"}}},{"from":[4.4256,9.24834,3.1557],"to":[11.5756,10.37334,5.3557],"rotation":{"angle":0,"axis":"y","origin":[8,8,8]},"faces":{"north":{"uv":[7.625,4.5,8.5,4.625],"texture":"#4"},"east":{"uv":[7.625,5.625,7.875,5.75],"texture":"#4"},"south":{"uv":[7.625,4.625,8.5,4.75],"texture":"#4"},"west":{"uv":[7.875,5.625,8.125,5.75],"texture":"#4"},"up":{"uv":[8.125,6,7.25,5.75],"texture":"#4"},"down":{"uv":[8.125,6,7.25,6.25],"texture":"#4"}}},{"from":[4.4256,8.42334,3.1557],"to":[11.5756,9.24834,3.9807],"rotation":{"angle":0,"axis":"y","origin":[8,8,8]},"faces":{"north":{"uv":[7.625,4.75,8.5,4.875],"texture":"#4"},"east":{"uv":[5.375,6.625,5.5,6.75],"texture":"#4"},"south":{"uv":[7.625,4.875,8.5,5],"texture":"#4"},"west":{"uv":[4.125,7,4.25,7.125],"texture":"#4"},"up":{"uv":[5.875,7.75,5,7.625],"texture":"#4"},"down":{"uv":[8.5,5,7.625,5.125],"texture":"#4"}}},{"from":[11.5756,8.42334,3.1557],"to":[12.4006,10.37334,5.3557],"rotation":{"angle":0,"axis":"y","origin":[8,8,8]},"faces":{"north":{"uv":[7.875,8,8,8.25],"texture":"#4"},"east":{"uv":[3.125,6,3.375,6.25],"texture":"#4"},"south":{"uv":[8,7.875,8.125,8.125],"texture":"#4"},"west":{"uv":[6.25,4.5,6.5,4.75],"texture":"#4"},"up":{"uv":[8.25,0.25,8.125,0],"texture":"#4"},"down":{"uv":[8.25,0.25,8.125,0.5],"texture":"#4"}}},{"from":[4.01816,6.94736,3.57824],"to":[11.98184,8.93264,5.56352],"rotation":{"angle":0,"axis":"y","origin":[8,8,8]},"faces":{"north":{"uv":[3.125,7,4.125,7.25],"texture":"#4"},"east":{"uv":[5.125,6.25,5.375,6.5],"texture":"#4"},"south":{"uv":[7,3.25,8,3.5],"texture":"#4"},"west":{"uv":[5.125,6.5,5.375,6.75],"texture":"#4"},"up":{"uv":[8,3.75,7,3.5],"texture":"#4"},"down":{"uv":[5.125,7.125,4.125,7.375],"texture":"#4"}}},{"from":[4.01816,2.74236,3.37824],"to":[11.98184,4.72764,5.36352],"rotation":{"angle":0,"axis":"y","origin":[8,8.7,8]},"faces":{"north":{"uv":[7.125,6.625,8.125,6.875],"texture":"#4"},"east":{"uv":[7.75,0.75,8,1],"texture":"#4"},"south":{"uv":[7.125,6.875,8.125,7.125],"texture":"#4"},"west":{"uv":[7.75,1,8,1.25],"texture":"#4"},"up":{"uv":[8.125,7.375,7.125,7.125],"texture":"#4"},"down":{"uv":[4.125,7.25,3.125,7.5],"texture":"#4"}}},{"from":[3.1606,2.85373,1.30678],"to":[4.0681,5.27373,10.05178],"rotation":{"angle":-22.5,"axis":"x","origin":[8,8.7,8]},"faces":{"north":{"uv":[7.875,0.375,8,0.6875],"texture":"#4"},"east":{"uv":[7,2,8.0625,2.3125],"texture":"#4"},"south":{"uv":[7.875,7.625,8,7.9375],"texture":"#4"},"west":{"uv":[7,2.375,8.0625,2.6875],"texture":"#4"},"up":{"uv":[1.125,8.5625,1,7.5],"texture":"#4"},"down":{"uv":[1.25,7.5,1.125,8.5625],"texture":"#4"}}},{"from":[11.9331,2.85373,1.30678],"to":[12.8406,5.27373,10.05178],"rotation":{"angle":-22.5,"axis":"x","origin":[8,8.7,8]},"faces":{"north":{"uv":[5.375,6.25,5.5,6.5625],"texture":"#4"},"east":{"uv":[7,1.25,8.0625,1.5625],"texture":"#4"},"south":{"uv":[7.875,0,8,0.3125],"texture":"#4"},"west":{"uv":[7,1.625,8.0625,1.9375],"texture":"#4"},"up":{"uv":[0.875,8.0625,0.75,7],"texture":"#4"},"down":{"uv":[1,7.5,0.875,8.5625],"texture":"#4"}}},{"from":[4.0681,2.85373,1.30678],"to":[11.9331,4.36623,2.35178],"rotation":{"angle":-22.5,"axis":"x","origin":[8,8.7,8]},"faces":{"north":{"uv":[7.25,6.25,8.25,6.4375],"texture":"#4"},"east":{"uv":[8.125,0.5,8.25,0.6875],"texture":"#4"},"south":{"uv":[7.375,3.75,8.375,3.9375],"texture":"#4"},"west":{"uv":[0.75,8.125,0.875,8.3125],"texture":"#4"},"up":{"uv":[8.5,7.625,7.5,7.5],"texture":"#4"},"down":{"uv":[3,7.625,2,7.75],"texture":"#4"}}},{"from":[4.0681,4.36623,1.30678],"to":[11.9331,5.27373,2.33928],"rotation":{"angle":-22.5,"axis":"x","origin":[8,8.7,8]},"faces":{"north":{"uv":[7.25,6.5,8.25,6.625],"texture":"#4"},"east":{"uv":[8.125,0.75,8.25,0.875],"texture":"#4"},"south":{"uv":[2,7.5,3,7.625],"texture":"#4"},"west":{"uv":[8.125,0.875,8.25,1],"texture":"#4"},"up":{"uv":[4,7.625,3,7.5],"texture":"#4"},"down":{"uv":[8.5,7.375,7.5,7.5],"texture":"#4"}}},{"from":[4.4256,8.99834,5.3557],"to":[11.5756,10.37334,12.2307],"rotation":{"angle":0,"axis":"y","origin":[8,8,8]},"faces":{"north":{"uv":[7.375,4.25,8.25,4.4375],"texture":"#4"},"east":{"uv":[4.875,7.375,5.75,7.5625],"texture":"#4"},"south":{"uv":[5.75,7.375,6.625,7.5625],"texture":"#4"},"west":{"uv":[6.625,7.375,7.5,7.5625],"texture":"#4"},"up":{"uv":[5.125,7.125,4.25,6.25],"texture":"#4"},"down":{"uv":[7.25,5.75,6.375,6.625],"texture":"#4"}}},{"from":[3.6006,9.69834,7.5557],"to":[12.4006,11.89834,13.0557],"rotation":{"angle":0,"axis":"y","origin":[8,8,8]},"faces":{"north":{"uv":[7,2.75,8.125,3],"texture":"#4"},"east":{"uv":[7.375,4,8.0625,4.25],"texture":"#4"},"south":{"uv":[7,3,8.125,3.25],"texture":"#4"},"west":{"uv":[4.125,7.375,4.8125,7.625],"texture":"#4"},"up":{"uv":[2,6.6875,0.875,6],"texture":"#4"},"down":{"uv":[3.125,6,2,6.6875],"texture":"#4"}}},{"from":[12.4006,6.39834,7.5557],"to":[13.2256,11.89834,13.5557],"rotation":{"angle":0,"axis":"y","origin":[8,8,8]},"faces":{"north":{"uv":[3.5,7.75,3.625,8.4375],"texture":"#4"},"east":{"uv":[6.375,6.625,7.125,7.3125],"texture":"#4"},"south":{"uv":[3.625,7.75,3.75,8.4375],"texture":"#4"},"west":{"uv":[0.875,6.75,1.625,7.4375],"texture":"#4"},"up":{"uv":[7.875,0.75,7.75,0],"texture":"#4"},"down":{"uv":[2.25,7.75,2.125,8.5],"texture":"#4"}}},{"from":[3.6006,6.39834,13.0557],"to":[12.4006,11.89834,13.5557],"rotation":{"angle":0,"axis":"y","origin":[8,8,8]},"faces":{"north":{"uv":[3.125,6.25,4.25,6.9375],"texture":"#4"},"east":{"uv":[5.75,7.75,5.8125,8.4375],"texture":"#4"},"south":{"uv":[6.25,3.75,7.375,4.4375],"texture":"#4"},"west":{"uv":[7.75,7.625,7.8125,8.3125],"texture":"#4"},"up":{"uv":[8.75,5.1875,7.625,5.125],"texture":"#4"},"down":{"uv":[8.75,5.25,7.625,5.3125],"texture":"#4"}}},{"from":[12.13656,2.27156,7.68236],"to":[12.91206,7.44156,13.32236],"rotation":{"angle":0,"axis":"y","origin":[8,8,8]},"faces":{"north":{"uv":[6.125,6.75,6.25,7.375],"texture":"#4"},"east":{"uv":[7,0,7.6875,0.625],"texture":"#4"},"south":{"uv":[6.25,6.75,6.375,7.375],"texture":"#4"},"west":{"uv":[7,0.625,7.6875,1.25],"texture":"#4"},"up":{"uv":[4.625,8.4375,4.5,7.75],"texture":"#4"},"down":{"uv":[4.75,7.75,4.625,8.4375],"texture":"#4"}}},{"from":[2.7756,6.39834,7.5557],"to":[3.6006,11.89834,13.5557],"rotation":{"angle":0,"axis":"y","origin":[8,8,8]},"faces":{"north":{"uv":[3.75,7.75,3.875,8.4375],"texture":"#4"},"east":{"uv":[1.625,6.75,2.375,7.4375],"texture":"#4"},"south":{"uv":[4.125,7.75,4.25,8.4375],"texture":"#4"},"west":{"uv":[2.375,6.75,3.125,7.4375],"texture":"#4"},"up":{"uv":[2.375,8.5,2.25,7.75],"texture":"#4"},"down":{"uv":[2.5,7.75,2.375,8.5],"texture":"#4"}}},{"from":[3.86456,2.27156,12.85236],"to":[12.13656,7.44156,13.32236],"rotation":{"angle":0,"axis":"y","origin":[8,8,8]},"faces":{"north":{"uv":[6.5,4.5,7.5625,5.125],"texture":"#4"},"east":{"uv":[8,0,8.0625,0.625],"texture":"#4"},"south":{"uv":[6.5,5.125,7.5625,5.75],"texture":"#4"},"west":{"uv":[8,0.625,8.0625,1.25],"texture":"#4"},"up":{"uv":[8.6875,5.4375,7.625,5.375],"texture":"#4"},"down":{"uv":[8.6875,5.5,7.625,5.5625],"texture":"#4"}}},{"from":[3.08906,2.27156,7.68236],"to":[3.86456,7.44156,13.32236],"rotation":{"angle":0,"axis":"y","origin":[8,8,8]},"faces":{"north":{"uv":[5.875,6.75,6,7.375],"texture":"#4"},"east":{"uv":[5.125,6.75,5.8125,7.375],"texture":"#4"},"south":{"uv":[6,6.75,6.125,7.375],"texture":"#4"},"west":{"uv":[0,7,0.6875,7.625],"texture":"#4"},"up":{"uv":[4.375,8.4375,4.25,7.75],"texture":"#4"},"down":{"uv":[4.5,7.75,4.375,8.4375],"texture":"#4"}}},{"from":[7.9875,5.6,4.525],"to":[7.9875,17.6,18.525],"rotation":{"angle":0,"axis":"y","origin":[8,8,8]},"faces":{"north":{"uv":[2.5,7.75,2.5625,9.25],"texture":"#4"},"east":{"uv":[1.75,0,3.5,1.5],"texture":"#4"},"south":{"uv":[2.625,7.75,2.6875,9.25],"texture":"#4"},"west":{"uv":[1.75,1.5,3.5,3],"texture":"#4"},"up":{"uv":[0.6875,9.375,0.625,7.625],"texture":"#4"},"down":{"uv":[3.9375,7.625,3.875,9.375],"texture":"#4"}}},{"from":[5.1875,1.3,11.825],"to":[5.1875,6.3,15.825],"rotation":{"angle":0,"axis":"y","origin":[8,8,8]},"faces":{"north":{"uv":[3.25,7.75,3.3125,9.25],"texture":"#4"},"east":{"uv":[1.6875,5.375,1.1875,6],"texture":"#4"},"south":{"uv":[3.375,7.75,3.4375,9.25],"texture":"#4"},"west":{"uv":[1.1875,5.375,1.6875,6],"texture":"#4"},"up":{"uv":[7.4375,9.375,7.375,7.625],"texture":"#4"},"down":{"uv":[7.5625,7.625,7.5,9.375],"texture":"#4"}}},{"from":[10.8125,1.3,11.825],"to":[10.8125,6.3,15.825],"rotation":{"angle":0,"axis":"y","origin":[8,8,8]},"faces":{"north":{"uv":[3.3125,7.75,3.25,9.25],"texture":"#4"},"east":{"uv":[1.6875,5.375,1.1875,6],"texture":"#4"},"south":{"uv":[3.4375,7.75,3.375,9.25],"texture":"#4"},"west":{"uv":[1.1875,5.375,1.6875,6],"texture":"#4"},"up":{"uv":[7.375,9.375,7.4375,7.625],"texture":"#4"},"down":{"uv":[7.5,7.625,7.5625,9.375],"texture":"#4"}}},{"from":[11.3875,9.25,7.5],"to":[11.3875,13.25,12],"rotation":{"angle":0,"axis":"y","origin":[8,8,8]},"faces":{"north":{"uv":[3,7.75,3.0625,9.25],"texture":"#4"},"east":{"uv":[3.75,0.375,4.3125,0.875],"texture":"#4"},"south":{"uv":[3.125,7.75,3.1875,9.25],"texture":"#4"},"west":{"uv":[4.3125,0.375,3.75,0.875],"texture":"#4"},"up":{"uv":[7.1875,9.375,7.125,7.625],"texture":"#4"},"down":{"uv":[7.3125,7.625,7.25,9.375],"texture":"#4"}}},{"from":[11.3875,9.35,2.875],"to":[11.3875,12.35,7.375],"rotation":{"angle":0,"axis":"y","origin":[8,8,8]},"faces":{"north":{"uv":[3,7.75,3.0625,9.25],"texture":"#4"},"east":{"uv":[4.375,0.5,4.9375,0.875],"texture":"#4"},"south":{"uv":[3.125,7.75,3.1875,9.25],"texture":"#4"},"west":{"uv":[4.9375,0.5,4.375,0.875],"texture":"#4"},"up":{"uv":[7.1875,9.375,7.125,7.625],"texture":"#4"},"down":{"uv":[7.3125,7.625,7.25,9.375],"texture":"#4"}}},{"from":[4.6125,9.35,2.875],"to":[4.6125,12.35,7.375],"rotation":{"angle":0,"axis":"y","origin":[8,8,8]},"faces":{"north":{"uv":[3.0625,7.75,3,9.25],"texture":"#4"},"east":{"uv":[4.375,0.5,4.9375,0.875],"texture":"#4"},"south":{"uv":[3.1875,7.75,3.125,9.25],"texture":"#4"},"west":{"uv":[4.9375,0.5,4.375,0.875],"texture":"#4"},"up":{"uv":[7.125,9.375,7.1875,7.625],"texture":"#4"},"down":{"uv":[7.25,7.625,7.3125,9.375],"texture":"#4"}}},{"from":[4.6125,9.25,7.5],"to":[4.6125,13.25,12],"rotation":{"angle":0,"axis":"y","origin":[8,8,8]},"faces":{"north":{"uv":[3.0625,7.75,3,9.25],"texture":"#4"},"east":{"uv":[3.75,0.375,4.3125,0.875],"texture":"#4"},"south":{"uv":[3.1875,7.75,3.125,9.25],"texture":"#4"},"west":{"uv":[4.3125,0.375,3.75,0.875],"texture":"#4"},"up":{"uv":[7.125,9.375,7.1875,7.625],"texture":"#4"},"down":{"uv":[7.25,7.625,7.3125,9.375],"texture":"#4"}}},{"from":[12.1875,8,10.55],"to":[12.1875,12,16.55],"rotation":{"angle":22.5,"axis":"y","origin":[8,8,8]},"faces":{"north":{"uv":[4.75,7.75,4.8125,8.5],"texture":"#4"},"east":{"uv":[1.8125,4.75,2.5625,5.25],"texture":"#4"},"south":{"uv":[4.875,7.75,4.9375,8.5],"texture":"#4"},"west":{"uv":[2.5625,4.75,1.8125,5.25],"texture":"#4"},"up":{"uv":[5.9375,9.375,5.875,7.625],"texture":"#4"},"down":{"uv":[6.0625,7.625,6,9.375],"texture":"#4"}}},{"from":[3.8125,8,10.55],"to":[3.8125,12,16.55],"rotation":{"angle":-22.5,"axis":"y","origin":[8,8,8]},"faces":{"north":{"uv":[4.8125,7.75,4.75,8.5],"texture":"#4"},"east":{"uv":[1.8125,4.75,2.5625,5.25],"texture":"#4"},"south":{"uv":[4.9375,7.75,4.875,8.5],"texture":"#4"},"west":{"uv":[2.5625,4.75,1.8125,5.25],"texture":"#4"},"up":{"uv":[5.875,9.375,5.9375,7.625],"texture":"#4"},"down":{"uv":[6,7.625,6.0625,9.375],"texture":"#4"}}},{"from":[11.3875,-0.8,11.925],"to":[11.3875,5.2,16.925],"rotation":{"angle":22.5,"axis":"y","origin":[8,8,8]},"faces":{"north":{"uv":[5,7.75,5.0625,8.5],"texture":"#4"},"east":{"uv":[5.25,0,5.875,0.75],"texture":"#4"},"south":{"uv":[5.125,7.75,5.1875,8.5],"texture":"#4"},"west":{"uv":[5.875,0,5.25,0.75],"texture":"#4"},"up":{"uv":[6.1875,9.375,6.125,7.625],"texture":"#4"},"down":{"uv":[6.3125,7.625,6.25,9.375],"texture":"#4"}}},{"from":[4.6125,-0.8,11.925],"to":[4.6125,5.2,16.925],"rotation":{"angle":-22.5,"axis":"y","origin":[8,8,8]},"faces":{"north":{"uv":[5.0625,7.75,5,8.5],"texture":"#4"},"east":{"uv":[5.25,0,5.875,0.75],"texture":"#4"},"south":{"uv":[5.1875,7.75,5.125,8.5],"texture":"#4"},"west":{"uv":[5.875,0,5.25,0.75],"texture":"#4"},"up":{"uv":[6.125,9.375,6.1875,7.625],"texture":"#4"},"down":{"uv":[6.25,7.625,6.3125,9.375],"texture":"#4"}}}],"gui_light":"front","display":{"thirdperson_righthand":{"rotation":[67.5,0,0],"translation":[0,2.25,0],"scale":[0.41242,0.41242,0.41242]},"thirdperson_lefthand":{"rotation":[67.5,0,0],"translation":[0,2.25,0],"scale":[0.41242,0.41242,0.41242]},"firstperson_righthand":{"translation":[1.75,3,0],"scale":[0.4243,0.4243,0.4243]},"firstperson_lefthand":{"translation":[1.75,3,0],"scale":[0.4243,0.4243,0.4243]},"ground":{"translation":[0,6,0],"scale":[0.7,0.7,0.7]},"gui":{"rotation":[30,135,0],"translation":[-0.75,0.5,0],"scale":[0.86914,0.86914,0.86914]},"head":{"translation":[0,3.5,-2.25],"scale":[1.85,1.85,1.85]},"fixed":{"rotation":[-90,0,0],"translation":[0,-1.75,-13.5],"scale":[2,2,2]}},"mcmodels":"1eb04cea1bf9807f4e923c560190dc81"}