{"credit":"MadewithBlockbench","textures":{"1":"elitecreatures:carnivoret_weapon_set/sword"},"elements":[{"from":[7.125,-5.375,7.125],"to":[8.875,-4.125,8.875],"rotation":{"angle":0,"axis":"y","origin":[8,-4.99179,8]},"faces":{"north":{"uv":[9,5.5,9.5,5.875],"texture":"#1"},"east":{"uv":[9,6,9.5,6.375],"texture":"#1"},"south":{"uv":[9,6.5,9.5,6.875],"texture":"#1"},"west":{"uv":[7.75,9,8.25,9.375],"texture":"#1"},"up":{"uv":[8.25,9,7.75,8.5],"texture":"#1"},"down":{"uv":[8.75,8.5,8.25,9],"texture":"#1"}}},{"from":[7.325,-4.32859,6.29187],"to":[8.675,-1.17859,7.64187],"rotation":{"angle":-22.5,"axis":"x","origin":[8,-1.26041,7.9]},"faces":{"north":{"uv":[8.25,7,8.625,7.75],"texture":"#1"},"east":{"uv":[8.25,7.75,8.625,8.5],"texture":"#1"},"south":{"uv":[4.5,8.5,4.875,9.25],"texture":"#1"},"west":{"uv":[7.25,8.5,7.625,9.25],"texture":"#1"},"up":{"uv":[9.125,9.625,8.75,9.25],"texture":"#1"},"down":{"uv":[9.625,9.25,9.25,9.625],"texture":"#1"}}},{"from":[7.325,-0.57256,7.08861],"to":[8.675,2.77744,8.43861],"rotation":{"angle":-22.5,"axis":"x","origin":[8,2.69562,8.69674]},"faces":{"north":{"uv":[5.25,7.75,5.625,8.625],"texture":"#1"},"east":{"uv":[5.75,7.75,6.125,8.625],"texture":"#1"},"south":{"uv":[6.25,7.75,6.625,8.625],"texture":"#1"},"west":{"uv":[6.75,7.75,7.125,8.625],"texture":"#1"},"up":{"uv":[9.875,7.375,9.5,7],"texture":"#1"},"down":{"uv":[8.125,9.5,7.75,9.875],"texture":"#1"}}},{"from":[7.325,-2.52523,8.78992],"to":[8.675,-0.95023,11.03992],"rotation":{"angle":-22.5,"axis":"x","origin":[8,-4.03205,9.04805]},"faces":{"north":{"uv":[6.5,9.5,6.875,9.875],"texture":"#1"},"east":{"uv":[6,8.75,6.625,9.125],"texture":"#1"},"south":{"uv":[9.5,6.5,9.875,6.875],"texture":"#1"},"west":{"uv":[8.75,7,9.375,7.375],"texture":"#1"},"up":{"uv":[7.125,9.375,6.75,8.75],"texture":"#1"},"down":{"uv":[9.125,7.5,8.75,8.125],"texture":"#1"}}},{"from":[7,-5.91276,7.42097],"to":[9,-4.41276,8.92097],"rotation":{"angle":45,"axis":"x","origin":[8,-4.99179,8]},"faces":{"north":{"uv":[8.25,9,8.75,9.375],"texture":"#1"},"east":{"uv":[9.5,5.5,9.875,5.875],"texture":"#1"},"south":{"uv":[9.25,2,9.75,2.375],"texture":"#1"},"west":{"uv":[9.5,6,9.875,6.375],"texture":"#1"},"up":{"uv":[9.75,2.875,9.25,2.5],"texture":"#1"},"down":{"uv":[9.75,3,9.25,3.375],"texture":"#1"}}},{"from":[7.125,0.70314,7.43854],"to":[8.875,2.25314,8.98854],"rotation":{"angle":45,"axis":"x","origin":[8,1.70654,8]},"faces":{"north":{"uv":[4,9.25,4.5,9.625],"texture":"#1"},"east":{"uv":[9.75,0.5,10.125,0.875],"texture":"#1"},"south":{"uv":[9.25,4,9.75,4.375],"texture":"#1"},"west":{"uv":[1,9.75,1.375,10.125],"texture":"#1"},"up":{"uv":[5,9.625,4.5,9.25],"texture":"#1"},"down":{"uv":[9.75,4.5,9.25,4.875],"texture":"#1"}}},{"from":[7.025,1.39404,6.83551],"to":[8.975,2.64404,9.18551],"rotation":{"angle":0,"axis":"y","origin":[8,1.70654,8]},"faces":{"north":{"uv":[9.25,5,9.75,5.375],"texture":"#1"},"east":{"uv":[9,1,9.625,1.375],"texture":"#1"},"south":{"uv":[6,9.25,6.5,9.625],"texture":"#1"},"west":{"uv":[9,1.5,9.625,1.875],"texture":"#1"},"up":{"uv":[7.75,8.375,7.25,7.75],"texture":"#1"},"down":{"uv":[8.25,7.75,7.75,8.375],"texture":"#1"}}},{"from":[6.775,2.64404,6.58551],"to":[9.225,5.14404,9.43551],"rotation":{"angle":0,"axis":"y","origin":[8,-0.04346,8]},"faces":{"north":{"uv":[7.5,7,8.125,7.625],"texture":"#1"},"east":{"uv":[4.5,7,5.25,7.625],"texture":"#1"},"south":{"uv":[4.5,7.75,5.125,8.375],"texture":"#1"},"west":{"uv":[5.25,7,6,7.625],"texture":"#1"},"up":{"uv":[6.625,7.75,6,7],"texture":"#1"},"down":{"uv":[7.375,7,6.75,7.75],"texture":"#1"}}},{"from":[6.775,2.64404,4.98551],"to":[9.225,4.14404,6.58551],"rotation":{"angle":0,"axis":"y","origin":[8,-0.04346,9.15]},"faces":{"north":{"uv":[8.75,8.25,9.375,8.625],"texture":"#1"},"east":{"uv":[9.5,8,9.875,8.375],"texture":"#1"},"south":{"uv":[8.75,8.75,9.375,9.125],"texture":"#1"},"west":{"uv":[8.25,9.5,8.625,9.875],"texture":"#1"},"up":{"uv":[9.625,0.375,9,0],"texture":"#1"},"down":{"uv":[9.625,0.5,9,0.875],"texture":"#1"}}},{"from":[7.09595,2.00246,5.09511],"to":[8.90405,3.10946,6.97591],"rotation":{"angle":0,"axis":"y","origin":[8,2.22796,5.85751]},"faces":{"north":{"uv":[9.5,9,10,9.25],"texture":"#1"},"east":{"uv":[9.75,3,10.25,3.25],"texture":"#1"},"south":{"uv":[3.25,9.75,3.75,10],"texture":"#1"},"west":{"uv":[9.75,3.25,10.25,3.5],"texture":"#1"},"up":{"uv":[4,9.25,3.5,8.75],"texture":"#1"},"down":{"uv":[4.5,8.75,4,9.25],"texture":"#1"}}},{"from":[6.88525,1.31154,5.05751],"to":[9.11475,2.67654,5.05751],"rotation":{"angle":0,"axis":"y","origin":[8,0.58592,8.8472]},"faces":{"north":{"uv":[3.5,9.25,4,9.625],"texture":"#1"},"east":{"uv":[0,0,0,0.375],"texture":"#1"},"south":{"uv":[9.25,3.5,9.75,3.875],"texture":"#1"},"west":{"uv":[0,0,0,0.375],"texture":"#1"},"up":{"uv":[0.5,0,0,0],"texture":"#1"},"down":{"uv":[0.5,0,0,0],"texture":"#1"}}},{"from":[6.88525,1.31154,5.05751],"to":[6.88525,2.67654,6.51351],"rotation":{"angle":0,"axis":"y","origin":[8,0.58592,8.8472]},"faces":{"north":{"uv":[0,0,0,0.375],"texture":"#1"},"east":{"uv":[9.75,0,10.125,0.375],"texture":"#1"},"south":{"uv":[0,0,0,0.375],"texture":"#1"},"west":{"uv":[0.5,9.75,0.875,10.125],"texture":"#1"},"up":{"uv":[0,0.375,0,0],"texture":"#1"},"down":{"uv":[0,0,0,0.375],"texture":"#1"}}},{"from":[8.88525,1.31154,5.05751],"to":[9.11475,2.67654,6.51351],"rotation":{"angle":0,"axis":"y","origin":[8,0.58592,8.8472]},"faces":{"north":{"uv":[9.5,9.75,9.625,10.125],"texture":"#1"},"east":{"uv":[9.5,8.5,9.875,8.875],"texture":"#1"},"south":{"uv":[9.75,9.5,9.875,9.875],"texture":"#1"},"west":{"uv":[0,9.75,0.375,10.125],"texture":"#1"},"up":{"uv":[10.125,2.875,10,2.5],"texture":"#1"},"down":{"uv":[3.375,10,3.25,10.375],"texture":"#1"}}},{"from":[6.075,3.89404,7.58551],"to":[6.775,6.14404,8.43551],"rotation":{"angle":0,"axis":"y","origin":[6.425,5.01904,8.01051]},"faces":{"north":{"uv":[6.25,9.75,6.375,10.25],"texture":"#1"},"east":{"uv":[5,9.5,5.25,10],"texture":"#1"},"south":{"uv":[7.25,9.75,7.375,10.25],"texture":"#1"},"west":{"uv":[7,9.5,7.25,10],"texture":"#1"},"up":{"uv":[10.125,8.25,10,8],"texture":"#1"},"down":{"uv":[8.375,10,8.25,10.25],"texture":"#1"}}},{"from":[9.225,3.89404,7.58551],"to":[9.925,6.14404,8.43551],"rotation":{"angle":0,"axis":"y","origin":[9.575,5.01904,8.01051]},"faces":{"north":{"uv":[7.5,9.75,7.625,10.25],"texture":"#1"},"east":{"uv":[9.75,2.5,10,3],"texture":"#1"},"south":{"uv":[9.75,7.5,9.875,8],"texture":"#1"},"west":{"uv":[3,9.75,3.25,10.25],"texture":"#1"},"up":{"uv":[10.125,8.5,10,8.25],"texture":"#1"},"down":{"uv":[8.625,10,8.5,10.25],"texture":"#1"}}},{"from":[7.675,9.95981,6.18577],"to":[8.325,11.35981,7.61077],"rotation":{"angle":45,"axis":"x","origin":[8,9.55808,8]},"faces":{"north":{"uv":[3.5,10,3.625,10.375],"texture":"#1"},"east":{"uv":[9.75,1,10.125,1.375],"texture":"#1"},"south":{"uv":[10,3.5,10.125,3.875],"texture":"#1"},"west":{"uv":[1.5,9.75,1.875,10.125],"texture":"#1"},"up":{"uv":[10.125,4.375,10,4],"texture":"#1"},"down":{"uv":[10.125,4.5,10,4.875],"texture":"#1"}}},{"from":[7.7,4.875,7],"to":[8.3,11.125,9],"rotation":{"angle":0,"axis":"y","origin":[8,9.55808,8]},"faces":{"north":{"uv":[9,2,9.125,3.625],"texture":"#1"},"east":{"uv":[3.5,7,4,8.625],"texture":"#1"},"south":{"uv":[9,3.75,9.125,5.375],"texture":"#1"},"west":{"uv":[4,7,4.5,8.625],"texture":"#1"},"up":{"uv":[8.875,10.25,8.75,9.75],"texture":"#1"},"down":{"uv":[9.125,9.75,9,10.25],"texture":"#1"}}},{"from":[7.625,14.75,7],"to":[8.375,16.05,9],"rotation":{"angle":0,"axis":"y","origin":[8,11.45808,8]},"faces":{"north":{"uv":[5.75,9.75,6,10.125],"texture":"#1"},"east":{"uv":[7.25,9.25,7.75,9.625],"texture":"#1"},"south":{"uv":[6,9.75,6.25,10.125],"texture":"#1"},"west":{"uv":[9.25,7.5,9.75,7.875],"texture":"#1"},"up":{"uv":[4.75,10.25,4.5,9.75],"texture":"#1"},"down":{"uv":[10,4.5,9.75,5],"texture":"#1"}}},{"from":[7.65,15.13828,6.85806],"to":[8.35,16.56328,8.25806],"rotation":{"angle":45,"axis":"x","origin":[8,15.40884,8]},"faces":{"north":{"uv":[6.5,10,6.625,10.375],"texture":"#1"},"east":{"uv":[9.75,1.5,10.125,1.875],"texture":"#1"},"south":{"uv":[10,6.5,10.125,6.875],"texture":"#1"},"west":{"uv":[2,9.75,2.375,10.125],"texture":"#1"},"up":{"uv":[6.875,10.375,6.75,10],"texture":"#1"},"down":{"uv":[7.125,10,7,10.375],"texture":"#1"}}},{"from":[7.65,14.2544,7.74194],"to":[8.35,15.6794,9.14194],"rotation":{"angle":45,"axis":"x","origin":[8,15.40884,8]},"faces":{"north":{"uv":[10,7,10.125,7.375],"texture":"#1"},"east":{"uv":[9.75,2,10.125,2.375],"texture":"#1"},"south":{"uv":[10,7.5,10.125,7.875],"texture":"#1"},"west":{"uv":[2.5,9.75,2.875,10.125],"texture":"#1"},"up":{"uv":[7.875,10.375,7.75,10],"texture":"#1"},"down":{"uv":[8.125,10,8,10.375],"texture":"#1"}}},{"from":[7.8,10.375,10.7],"to":[8.2,11.625,11.8],"rotation":{"angle":45,"axis":"x","origin":[8,13.5,10.05]},"faces":{"north":{"uv":[5,10,5.125,10.375],"texture":"#1"},"east":{"uv":[4.75,9.75,5,10.125],"texture":"#1"},"south":{"uv":[10,5,10.125,5.375],"texture":"#1"},"west":{"uv":[9.75,5,10,5.375],"texture":"#1"},"up":{"uv":[10.125,8.75,10,8.5],"texture":"#1"},"down":{"uv":[10.125,8.75,10,9],"texture":"#1"}}},{"from":[7.8,14.49848,10.7],"to":[8.2,15.74848,11.8],"rotation":{"angle":-45,"axis":"x","origin":[8,12.62348,10.05]},"faces":{"north":{"uv":[10,9,10.125,9.25],"texture":"#1"},"east":{"uv":[6.5,9.25,6.75,9.5],"texture":"#1"},"south":{"uv":[9.25,10,9.375,10.25],"texture":"#1"},"west":{"uv":[9.25,8,9.5,8.25],"texture":"#1"},"up":{"uv":[10.125,9.5,10,9.25],"texture":"#1"},"down":{"uv":[10.125,9.5,10,9.75],"texture":"#1"}}},{"from":[7.775,10.93674,8.96161],"to":[8.225,15.18674,9.96161],"rotation":{"angle":0,"axis":"y","origin":[8,13.36174,8.21161]},"faces":{"north":{"uv":[9.75,3.5,9.875,4.5],"texture":"#1"},"east":{"uv":[5,8.5,5.25,9.5],"texture":"#1"},"south":{"uv":[3.75,9.75,3.875,10.75],"texture":"#1"},"west":{"uv":[5.25,8.75,5.5,9.75],"texture":"#1"},"up":{"uv":[9.875,10.25,9.75,10],"texture":"#1"},"down":{"uv":[10.125,9.75,10,10],"texture":"#1"}}},{"from":[7.8,10.375,4.2],"to":[8.2,11.625,5.3],"rotation":{"angle":-45,"axis":"x","origin":[8,13.5,5.95]},"faces":{"north":{"uv":[10,5.5,10.125,5.875],"texture":"#1"},"east":{"uv":[5.25,9.75,5.5,10.125],"texture":"#1"},"south":{"uv":[10,6,10.125,6.375],"texture":"#1"},"west":{"uv":[5.5,9.75,5.75,10.125],"texture":"#1"},"up":{"uv":[10.375,0.75,10.25,0.5],"texture":"#1"},"down":{"uv":[0.875,10.25,0.75,10.5],"texture":"#1"}}},{"from":[7.8,14.49848,4.2],"to":[8.2,15.74848,5.3],"rotation":{"angle":45,"axis":"x","origin":[8,12.62348,5.95]},"faces":{"north":{"uv":[10.25,0,10.375,0.25],"texture":"#1"},"east":{"uv":[9.25,9.75,9.5,10],"texture":"#1"},"south":{"uv":[0.25,10.25,0.375,10.5],"texture":"#1"},"west":{"uv":[9.75,9.25,10,9.5],"texture":"#1"},"up":{"uv":[10.375,0.5,10.25,0.25],"texture":"#1"},"down":{"uv":[0.625,10.25,0.5,10.5],"texture":"#1"}}},{"from":[7.775,10.93674,6.03839],"to":[8.225,15.18674,7.03839],"rotation":{"angle":0,"axis":"y","origin":[8,13.36174,7.78839]},"faces":{"north":{"uv":[4,9.75,4.125,10.75],"texture":"#1"},"east":{"uv":[5.5,8.75,5.75,9.75],"texture":"#1"},"south":{"uv":[4.25,9.75,4.375,10.75],"texture":"#1"},"west":{"uv":[5.75,8.75,6,9.75],"texture":"#1"},"up":{"uv":[10.125,10.25,10,10],"texture":"#1"},"down":{"uv":[0.125,10.25,0,10.5],"texture":"#1"}}},{"from":[7.95,-13.94296,8.3],"to":[8.05,-2.94296,15.3],"rotation":{"angle":-22.5,"axis":"x","origin":[8,-8.44296,8]},"faces":{"north":{"uv":[0,0,0,2.75],"texture":"#1"},"east":{"uv":[3.5,7,1.75,9.75],"texture":"#1"},"south":{"uv":[0,0,0,2.75],"texture":"#1"},"west":{"uv":[1.75,7,3.5,9.75],"texture":"#1"},"up":{"uv":[0,1.75,0,0],"texture":"#1"},"down":{"uv":[0,0,0,1.75],"texture":"#1"}}},{"from":[7.975,5.4,0],"to":[8.025,30.8,16],"rotation":{"angle":0,"axis":"y","origin":[8,18.1,8]},"faces":{"north":{"uv":[0,0,0,6.875],"texture":"#1"},"east":{"uv":[9,0,4.5,6.875],"texture":"#1"},"south":{"uv":[0,0,0,6.875],"texture":"#1"},"west":{"uv":[4.5,0,9,6.875],"texture":"#1"},"up":{"uv":[0,4.5,0,0],"texture":"#1"},"down":{"uv":[0,0,0,4.5],"texture":"#1"}}}],"gui_light":"front","display":{"thirdperson_righthand":{"translation":[0,6.25,1.75],"scale":[0.9,0.9,0.9]},"thirdperson_lefthand":{"translation":[0,6.25,1.75],"scale":[0.9,0.9,0.9]},"firstperson_righthand":{"rotation":[6,0,0],"translation":[4,4.25,0],"scale":[0.46328,0.46328,0.46328]},"firstperson_lefthand":{"rotation":[6,0,0],"translation":[4,4.25,0],"scale":[0.46328,0.46328,0.46328]},"ground":{"rotation":[-45,0,0],"translation":[0,6,0],"scale":[0.6,0.6,0.6]},"gui":{"rotation":[90,45,-90],"translation":[-1.5,-1.5,0],"scale":[0.61969,0.61969,0.61969]},"head":{"scale":[0,0,0]},"fixed":{"rotation":[0,-90,0],"translation":[0,4.5,-2.25],"scale":[2.2,2.2,2.2]}},"mcmodels":"1eb04cea1bf9807f4e923c560190dc81"}