{"credit":"Made with Blockbench","textures":{"0":"elitecreatures:valentines_animated_weapon_and_tool_set_v1/valentine_tex3","1":"elitecreatures:valentines_animated_weapon_and_tool_set_v1/valentine_tex1","2":"elitecreatures:valentines_animated_weapon_and_tool_set_v1/valentine_tex2","3":"elitecreatures:valentines_animated_weapon_and_tool_set_v1/bowfill","4":"elitecreatures:valentines_animated_weapon_and_tool_set_v1/cameralens1","5":"elitecreatures:valentines_animated_weapon_and_tool_set_v1/cloudheart","6":"elitecreatures:valentines_animated_weapon_and_tool_set_v1/valentine_tex6","7":"elitecreatures:valentines_animated_weapon_and_tool_set_v1/battery","particle":"elitecreatures:valentines_animated_weapon_and_tool_set_v1/valentine_tex3"},"elements":[{"from":[8.0849,17.94045,7],"to":[20.0849,22.94045,9],"rotation":{"angle":-45,"axis":"z","origin":[8.59847,18.86205,8]},"faces":{"north":{"uv":[14.5,1,8.5,3.5],"texture":"#0"},"east":{"uv":[6,3,7,5.5],"texture":"#0"},"south":{"uv":[8.5,1,14.5,3.5],"texture":"#0"},"west":{"uv":[6,3,7,5.5],"texture":"#0"},"up":{"uv":[7,14,13,15],"texture":"#0"},"down":{"uv":[7,14,13,15],"texture":"#0"}}},{"from":[16.09025,10.10246,7.1],"to":[19.59025,13.60246,8.9],"rotation":{"angle":0,"axis":"y","origin":[8.59847,18.86205,8]},"faces":{"north":{"uv":[11.75,13.75,10,15.5],"rotation":270,"texture":"#2"},"east":{"uv":[4.5,13,1,15],"rotation":90,"texture":"#3"},"south":{"uv":[10,13.75,11.75,15.5],"rotation":90,"texture":"#2"},"west":{"uv":[1,13,4.5,15],"rotation":90,"texture":"#3"},"up":{"uv":[10.5,10,11.5,11.75],"rotation":90,"texture":"#2"},"down":{"uv":[10.5,10,11.5,11.75],"rotation":90,"texture":"#2"}}},{"from":[6.0849,15.94045,7],"to":[20.0849,17.94045,9],"rotation":{"angle":-45,"axis":"z","origin":[8.59847,18.86205,8]},"faces":{"north":{"uv":[0,13,7,14],"texture":"#0"},"east":{"uv":[7.5,2,8.5,3],"texture":"#0"},"south":{"uv":[0,13,7,14],"texture":"#0"},"west":{"uv":[7.5,2,8.5,3],"texture":"#0"},"up":{"uv":[0,13,7,14],"texture":"#0"},"down":{"uv":[7,14,14,15],"texture":"#0"}}},{"from":[-1.70275,17.22974,6.1],"to":[8.29725,19.22974,8],"rotation":{"angle":-22.5,"axis":"z","origin":[8.59847,18.86205,8]},"faces":{"north":{"uv":[12.5,2,7.5,3],"texture":"#2"},"east":{"uv":[7.5,2,6.5,3],"texture":"#2"},"south":{"uv":[12.5,2,7.5,3],"texture":"#2"},"west":{"uv":[7.5,2,6.5,3],"texture":"#2"},"up":{"uv":[7.5,3,12.5,2],"texture":"#2"},"down":{"uv":[7.5,3,12.5,2],"texture":"#2"}}},{"from":[-1.70275,17.22974,8],"to":[8.29725,19.22974,9.9],"rotation":{"angle":-22.5,"axis":"z","origin":[8.59847,18.86205,8]},"faces":{"north":{"uv":[7.5,2,12.5,3],"texture":"#2"},"east":{"uv":[6.5,2,7.5,3],"texture":"#2"},"south":{"uv":[7.5,2,12.5,3],"texture":"#2"},"west":{"uv":[6.5,2,7.5,3],"texture":"#2"},"up":{"uv":[7.5,2,12.5,3],"texture":"#2"},"down":{"uv":[7.5,2,12.5,3],"texture":"#2"}}},{"from":[2.04024,25.69232,6],"to":[6.04024,29.69232,8],"rotation":{"angle":45,"axis":"z","origin":[8.59847,18.86205,8]},"faces":{"north":{"uv":[14,9,16,11],"texture":"#0"},"east":{"uv":[16,9,15,7],"texture":"#0"},"south":{"uv":[14,9,16,11],"texture":"#0"},"west":{"uv":[15,7,16,9],"texture":"#0"},"up":{"uv":[14,14,16,15],"texture":"#0"},"down":{"uv":[16,15,14,14],"texture":"#0"}}},{"from":[2.04024,25.69232,8],"to":[6.04024,29.69232,10],"rotation":{"angle":45,"axis":"z","origin":[8.59847,18.86205,8]},"faces":{"north":{"uv":[16,9,14,11],"texture":"#0"},"east":{"uv":[15,9,16,7],"texture":"#0"},"south":{"uv":[16,9,14,11],"texture":"#0"},"west":{"uv":[16,7,15,9],"texture":"#0"},"up":{"uv":[14,15,16,14],"texture":"#0"},"down":{"uv":[16,14,14,15],"texture":"#0"}}},{"from":[-4,7.5,8],"to":[0,19.5,8],"rotation":{"angle":0,"axis":"y","origin":[8.59847,18.86205,8]},"faces":{"north":{"uv":[16,0,14,6],"texture":"#2"},"east":{"uv":[0,0,0,5.5],"texture":"#2"},"south":{"uv":[14,0,16,6],"texture":"#2"},"west":{"uv":[0,0,0,5.5],"texture":"#2"},"up":{"uv":[0,0,2.5,0],"texture":"#2"},"down":{"uv":[0,0,2.5,0],"texture":"#2"}}},{"from":[-5.04339,18.8696,8],"to":[4.95661,26.8696,8],"rotation":{"angle":-22.5,"axis":"z","origin":[8.59847,18.86205,8]},"faces":{"north":{"uv":[15.75,10.5,11.75,15.5],"rotation":90,"texture":"#2"},"east":{"uv":[0,0,0,4],"texture":"#2"},"south":{"uv":[15.75,15.5,11.75,10.5],"rotation":90,"texture":"#2"},"west":{"uv":[0,0,0,4],"texture":"#2"},"up":{"uv":[0,0,5,0],"texture":"#2"},"down":{"uv":[0,0,5,0],"texture":"#2"}}},{"from":[15.85,9.58787,6.1],"to":[17.85,12.58787,9.9],"rotation":{"angle":22.5,"axis":"z","origin":[8.59847,18.86205,8]},"faces":{"north":{"uv":[3.5,10,5,11],"rotation":270,"texture":"#0"},"east":{"uv":[1,8,4,12],"rotation":90,"texture":"#3"},"south":{"uv":[5,10,3.5,11],"rotation":90,"texture":"#0"},"west":{"uv":[13,11.5,14.5,13.5],"rotation":90,"texture":"#0"},"up":{"uv":[12,9,14,10],"rotation":90,"texture":"#0"},"down":{"uv":[6.5,9,10.5,11],"rotation":90,"texture":"#3"}}},{"from":[4.0849,23.04045,6],"to":[18.0849,25.04045,10],"rotation":{"angle":-45,"axis":"z","origin":[8.59847,18.86205,8]},"faces":{"north":{"uv":[16,15,9,16],"texture":"#0"},"east":{"uv":[7,15,9,16],"texture":"#0"},"south":{"uv":[9,15,16,16],"texture":"#0"},"west":{"uv":[6.5,13,10.5,15],"texture":"#3"},"up":{"uv":[15,6.5,1,2.5],"texture":"#3"},"down":{"uv":[6.5,0,13.5,2],"texture":"#2"}}},{"from":[7,23.4,7.4],"to":[9,24.4,8.6],"rotation":{"angle":0,"axis":"y","origin":[8.59847,18.86205,8]},"faces":{"north":{"uv":[2,10,2.5,11],"rotation":90,"texture":"#0"},"east":{"uv":[2.5,11,2,11.5],"rotation":270,"texture":"#0"},"south":{"uv":[2.5,10,2,11],"rotation":270,"texture":"#0"},"west":{"uv":[2.5,11,2,11.5],"rotation":270,"texture":"#0"},"up":{"uv":[3.5,10.5,3,11.5],"rotation":270,"texture":"#0"},"down":{"uv":[3,10,2.5,11],"rotation":270,"texture":"#0"}}},{"from":[12.13263,20.50704,7.6],"to":[13.13263,21.50704,8.4],"rotation":{"angle":45,"axis":"z","origin":[8.59847,18.86205,8]},"faces":{"north":{"uv":[1.5,11,1,11.5],"texture":"#0"},"east":{"uv":[3,10,3.5,10.5],"texture":"#0"},"south":{"uv":[1,11,1.5,11.5],"texture":"#0"},"west":{"uv":[0.5,11.5,1,12],"texture":"#0"},"up":{"uv":[1,10.5,1.5,11],"texture":"#0"},"down":{"uv":[1,10.5,1.5,11],"texture":"#0"}}},{"from":[6.91614,23.08121,7.5],"to":[7.91614,24.08121,8.5],"rotation":{"angle":-22.5,"axis":"z","origin":[8.59847,18.86205,8]},"faces":{"north":{"uv":[2.5,12,2,12.5],"rotation":270,"texture":"#0"},"east":{"uv":[3,12,3.5,12.5],"rotation":90,"texture":"#0"},"south":{"uv":[2.5,12,2,12.5],"rotation":270,"texture":"#0"},"west":{"uv":[3,12,3.5,12.5],"rotation":90,"texture":"#0"},"up":{"uv":[2.75,11.5,3.25,12],"texture":"#0"},"down":{"uv":[2,12.5,2.5,13],"texture":"#0"}}},{"from":[7,19.1,7.4],"to":[9,20.1,8.6],"rotation":{"angle":0,"axis":"y","origin":[8.59847,18.86205,8]},"faces":{"north":{"uv":[1.5,12,1,13],"rotation":90,"texture":"#0"},"east":{"uv":[1.75,11.5,2.25,12],"rotation":270,"texture":"#0"},"south":{"uv":[1,12,1.5,13],"rotation":270,"texture":"#0"},"west":{"uv":[1.75,11.5,2.25,12],"rotation":270,"texture":"#0"},"up":{"uv":[1.5,12,2,13],"rotation":270,"texture":"#0"},"down":{"uv":[2.5,12,3,13],"rotation":270,"texture":"#0"}}},{"from":[9.11168,18.90196,7.5],"to":[10.11168,19.90196,8.5],"rotation":{"angle":22.5,"axis":"z","origin":[8.59847,18.86205,8]},"faces":{"north":{"uv":[2,10.5,1.5,11],"rotation":90,"texture":"#0"},"east":{"uv":[1.5,11,2,11.5],"rotation":270,"texture":"#0"},"south":{"uv":[1.5,10.5,2,11],"rotation":270,"texture":"#0"},"west":{"uv":[1.5,11,2,11.5],"rotation":270,"texture":"#0"},"up":{"uv":[1.25,11.5,1.75,12],"rotation":270,"texture":"#0"},"down":{"uv":[2.25,11.5,2.75,12],"rotation":270,"texture":"#0"}}},{"from":[8.16059,20.2891,7.6],"to":[9.16059,21.2891,8.4],"rotation":{"angle":-45,"axis":"z","origin":[8.59847,18.86205,8]},"faces":{"north":{"uv":[1,12,0.5,12.5],"texture":"#0"},"east":{"uv":[2.5,11,3,11.5],"texture":"#0"},"south":{"uv":[0.5,12,1,12.5],"texture":"#0"},"west":{"uv":[0.5,12.5,1,13],"texture":"#0"},"up":{"uv":[1.5,10,2,10.5],"texture":"#0"},"down":{"uv":[1.5,10,2,10.5],"texture":"#0"}}},{"from":[9.7,20.2,7.5],"to":[10.7,23.2,8.5],"rotation":{"angle":0,"axis":"y","origin":[8.59847,18.86205,8]},"faces":{"north":{"uv":[0.5,10,1,11.5],"texture":"#0"},"east":{"uv":[0,10,0.5,11.5],"texture":"#0"},"south":{"uv":[1,10,0.5,11.5],"texture":"#0"},"west":{"uv":[0,11.5,0.5,13],"texture":"#0"},"up":{"uv":[1,10,1.5,10.5],"texture":"#0"},"down":{"uv":[1,10,1.5,10.5],"texture":"#0"}}},{"from":[5.5,20.2,7.5],"to":[6.5,23.2,8.5],"rotation":{"angle":0,"axis":"y","origin":[8.59847,18.86205,8]},"faces":{"north":{"uv":[1,10,0.5,11.5],"texture":"#0"},"east":{"uv":[0.5,11.5,0,13],"texture":"#0"},"south":{"uv":[0.5,10,1,11.5],"texture":"#0"},"west":{"uv":[0.5,10,0,11.5],"texture":"#0"},"up":{"uv":[1.5,10,1,10.5],"texture":"#0"},"down":{"uv":[1.5,10,1,10.5],"texture":"#0"}}},{"from":[7.33141,20.99405,7.6],"to":[8.33141,21.99405,8.4],"rotation":{"angle":45,"axis":"z","origin":[8.59847,18.86205,8]},"faces":{"north":{"uv":[0.5,12,1,12.5],"texture":"#0"},"east":{"uv":[1,12.5,0.5,13],"texture":"#0"},"south":{"uv":[1,12,0.5,12.5],"texture":"#0"},"west":{"uv":[3,11,2.5,11.5],"texture":"#0"},"up":{"uv":[2,10,1.5,10.5],"texture":"#0"},"down":{"uv":[2,10,1.5,10.5],"texture":"#0"}}},{"from":[6.16421,18.52045,7.5],"to":[7.16421,19.52045,8.5],"rotation":{"angle":-22.5,"axis":"z","origin":[8.59847,18.86205,8]},"faces":{"north":{"uv":[2,11,1.5,10.5],"rotation":90,"texture":"#0"},"east":{"uv":[1.5,11.5,2,11],"rotation":270,"texture":"#0"},"south":{"uv":[1.5,11,2,10.5],"rotation":270,"texture":"#0"},"west":{"uv":[1.5,11.5,2,11],"rotation":270,"texture":"#0"},"up":{"uv":[1.25,12,1.75,11.5],"rotation":270,"texture":"#0"},"down":{"uv":[2.25,12,2.75,11.5],"rotation":270,"texture":"#0"}}},{"from":[8.35974,23.46272,7.5],"to":[9.35974,24.46272,8.5],"rotation":{"angle":22.5,"axis":"z","origin":[8.59847,18.86205,8]},"faces":{"north":{"uv":[2.5,12.5,2,12],"rotation":270,"texture":"#0"},"east":{"uv":[3,12.5,3.5,12],"rotation":90,"texture":"#0"},"south":{"uv":[2.5,12.5,2,12],"rotation":270,"texture":"#0"},"west":{"uv":[3,12.5,3.5,12],"rotation":90,"texture":"#0"},"up":{"uv":[3.25,11.5,2.75,12],"texture":"#0"},"down":{"uv":[2.5,12.5,2,13],"texture":"#0"}}},{"from":[6,19.5,8],"to":[10.5,24,8],"rotation":{"angle":0,"axis":"y","origin":[0,16,0]},"faces":{"north":{"uv":[1.5,14,6,9.5],"texture":"#4"},"east":{"uv":[0,6,0,0],"texture":"#4"},"south":{"uv":[1.5,14,6,9.5],"texture":"#4"},"west":{"uv":[0,6,0,0],"texture":"#4"},"up":{"uv":[0,0,3,0],"texture":"#4"},"down":{"uv":[0,0,3,0],"texture":"#4"}}},{"from":[3.35937,19.8021,7.6],"to":[4.35937,20.8021,8.4],"rotation":{"angle":-45,"axis":"z","origin":[8.59847,18.86205,8]},"faces":{"north":{"uv":[1,11,1.5,11.5],"texture":"#0"},"east":{"uv":[1,11.5,0.5,12],"texture":"#0"},"south":{"uv":[1.5,11,1,11.5],"texture":"#0"},"west":{"uv":[3.5,10,3,10.5],"texture":"#0"},"up":{"uv":[1.5,10.5,1,11],"texture":"#0"},"down":{"uv":[1.5,10.5,1,11],"texture":"#0"}}},{"from":[1.03948,6.46358,7.4],"to":[2.03948,8.46358,8.6],"rotation":{"angle":0,"axis":"y","origin":[-3.49847,8.06205,8]},"faces":{"north":{"uv":[2.5,10,2,11],"rotation":180,"texture":"#0"},"east":{"uv":[3,10.5,3.5,11.5],"rotation":180,"texture":"#0"},"south":{"uv":[2,10,2.5,11],"rotation":180,"texture":"#0"},"west":{"uv":[2.5,10,3,11],"rotation":180,"texture":"#0"},"up":{"uv":[2,11,2.5,11.5],"rotation":180,"texture":"#0"},"down":{"uv":[2,11,2.5,11.5],"rotation":180,"texture":"#0"}}},{"from":[-1.85348,11.59621,7.6],"to":[-0.85348,12.59621,8.4],"rotation":{"angle":-45,"axis":"z","origin":[-3.49847,8.06205,8]},"faces":{"north":{"uv":[1.5,11.5,1,11],"rotation":90,"texture":"#0"},"east":{"uv":[1,11,1.5,10.5],"rotation":270,"texture":"#0"},"south":{"uv":[1,11.5,1.5,11],"rotation":270,"texture":"#0"},"west":{"uv":[1,11,1.5,10.5],"rotation":270,"texture":"#0"},"up":{"uv":[3,10.5,3.5,10],"rotation":270,"texture":"#0"},"down":{"uv":[0.5,12,1,11.5],"rotation":270,"texture":"#0"}}},{"from":[0.72069,6.37972,7.5],"to":[1.72069,7.37972,8.5],"rotation":{"angle":22.5,"axis":"z","origin":[-3.49847,8.06205,8]},"faces":{"north":{"uv":[2,12,2.5,12.5],"texture":"#0"},"east":{"uv":[2.75,12,3.25,11.5],"rotation":270,"texture":"#0"},"south":{"uv":[2,12,2.5,12.5],"rotation":180,"texture":"#0"},"west":{"uv":[2,13,2.5,12.5],"rotation":270,"texture":"#0"},"up":{"uv":[3.5,12,3,12.5],"texture":"#0"},"down":{"uv":[3.5,12,3,12.5],"texture":"#0"}}},{"from":[-3.26052,6.46358,7.4],"to":[-2.26052,8.46358,8.6],"rotation":{"angle":0,"axis":"y","origin":[-3.49847,8.06205,8]},"faces":{"north":{"uv":[1,12,1.5,13],"rotation":180,"texture":"#0"},"east":{"uv":[2,12,1.5,13],"rotation":180,"texture":"#0"},"south":{"uv":[1.5,12,1,13],"rotation":180,"texture":"#0"},"west":{"uv":[3,12,2.5,13],"rotation":180,"texture":"#0"},"up":{"uv":[2.25,11.5,1.75,12],"rotation":180,"texture":"#0"},"down":{"uv":[2.25,11.5,1.75,12],"rotation":180,"texture":"#0"}}},{"from":[-3.45856,8.57526,7.5],"to":[-2.45856,9.57526,8.5],"rotation":{"angle":-22.5,"axis":"z","origin":[-3.49847,8.06205,8]},"faces":{"north":{"uv":[1.5,10.5,2,11],"rotation":180,"texture":"#0"},"east":{"uv":[1.75,11.5,1.25,12],"rotation":180,"texture":"#0"},"south":{"uv":[2,10.5,1.5,11],"rotation":180,"texture":"#0"},"west":{"uv":[2.75,11.5,2.25,12],"rotation":180,"texture":"#0"},"up":{"uv":[2,11,1.5,11.5],"rotation":180,"texture":"#0"},"down":{"uv":[2,11,1.5,11.5],"rotation":180,"texture":"#0"}}},{"from":[-2.07142,7.62416,7.6],"to":[-1.07142,8.62416,8.4],"rotation":{"angle":45,"axis":"z","origin":[-3.49847,8.06205,8]},"faces":{"north":{"uv":[1,12.5,0.5,12],"rotation":90,"texture":"#0"},"east":{"uv":[1.5,10.5,2,10],"rotation":270,"texture":"#0"},"south":{"uv":[0.5,12.5,1,12],"rotation":270,"texture":"#0"},"west":{"uv":[1.5,10.5,2,10],"rotation":270,"texture":"#0"},"up":{"uv":[2.5,11.5,3,11],"rotation":270,"texture":"#0"},"down":{"uv":[0.5,13,1,12.5],"rotation":270,"texture":"#0"}}},{"from":[-2.16052,9.16358,7.5],"to":[0.83948,10.16358,8.5],"rotation":{"angle":0,"axis":"y","origin":[-3.49847,8.06205,8]},"faces":{"north":{"uv":[0.5,11.5,1,10],"rotation":90,"texture":"#0"},"east":{"uv":[1,10.5,1.5,10],"rotation":270,"texture":"#0"},"south":{"uv":[1,11.5,0.5,10],"rotation":270,"texture":"#0"},"west":{"uv":[1,10.5,1.5,10],"rotation":270,"texture":"#0"},"up":{"uv":[0,11.5,0.5,10],"rotation":270,"texture":"#0"},"down":{"uv":[0,13,0.5,11.5],"rotation":270,"texture":"#0"}}},{"from":[-2.16052,4.96358,7.5],"to":[0.83948,5.96358,8.5],"rotation":{"angle":0,"axis":"y","origin":[-3.49847,8.06205,8]},"faces":{"north":{"uv":[1,11.5,0.5,10],"rotation":90,"texture":"#0"},"east":{"uv":[1.5,10.5,1,10],"rotation":270,"texture":"#0"},"south":{"uv":[0.5,11.5,1,10],"rotation":270,"texture":"#0"},"west":{"uv":[1.5,10.5,1,10],"rotation":270,"texture":"#0"},"up":{"uv":[0.5,13,0,11.5],"rotation":270,"texture":"#0"},"down":{"uv":[0.5,11.5,0,10],"rotation":270,"texture":"#0"}}},{"from":[-1.36647,6.79499,7.6],"to":[-0.36647,7.79499,8.4],"rotation":{"angle":-45,"axis":"z","origin":[-3.49847,8.06205,8]},"faces":{"north":{"uv":[0.5,12.5,1,12],"rotation":90,"texture":"#0"},"east":{"uv":[2,10.5,1.5,10],"rotation":270,"texture":"#0"},"south":{"uv":[1,12.5,0.5,12],"rotation":270,"texture":"#0"},"west":{"uv":[2,10.5,1.5,10],"rotation":270,"texture":"#0"},"up":{"uv":[1,13,0.5,12.5],"rotation":270,"texture":"#0"},"down":{"uv":[3,11.5,2.5,11],"rotation":270,"texture":"#0"}}},{"from":[-3.84007,5.62778,7.5],"to":[-2.84007,6.62778,8.5],"rotation":{"angle":22.5,"axis":"z","origin":[-3.49847,8.06205,8]},"faces":{"north":{"uv":[1.5,11,2,10.5],"rotation":180,"texture":"#0"},"east":{"uv":[1.75,12,1.25,11.5],"rotation":180,"texture":"#0"},"south":{"uv":[2,11,1.5,10.5],"rotation":180,"texture":"#0"},"west":{"uv":[2.75,12,2.25,11.5],"rotation":180,"texture":"#0"},"up":{"uv":[2,11.5,1.5,11],"rotation":180,"texture":"#0"},"down":{"uv":[2,11.5,1.5,11],"rotation":180,"texture":"#0"}}},{"from":[1.1022,7.82332,7.5],"to":[2.1022,8.82332,8.5],"rotation":{"angle":-22.5,"axis":"z","origin":[-3.49847,8.06205,8]},"faces":{"north":{"uv":[2,12.5,2.5,12],"texture":"#0"},"east":{"uv":[3.25,12,2.75,11.5],"rotation":270,"texture":"#0"},"south":{"uv":[2,12.5,2.5,12],"rotation":180,"texture":"#0"},"west":{"uv":[2.5,13,2,12.5],"rotation":270,"texture":"#0"},"up":{"uv":[3.5,12.5,3,12],"texture":"#0"},"down":{"uv":[3.5,12.5,3,12],"texture":"#0"}}},{"from":[-2.36052,5.96358,8.3],"to":[1.13948,9.46358,8.3],"rotation":{"angle":0,"axis":"y","origin":[-6.36052,-0.53642,0]},"faces":{"north":{"uv":[2,10,5.5,13.5],"rotation":90,"texture":"#4"},"east":{"uv":[0,0,3,0],"rotation":270,"texture":"#4"},"south":{"uv":[2,10,5.5,13.5],"rotation":270,"texture":"#4"},"west":{"uv":[0,0,3,0],"rotation":270,"texture":"#4"},"up":{"uv":[0,0,0,6],"rotation":270,"texture":"#4"},"down":{"uv":[0,0,0,6],"rotation":270,"texture":"#4"}}},{"from":[-2.36052,5.96358,7.7],"to":[1.13948,9.46358,7.7],"rotation":{"angle":0,"axis":"y","origin":[-6.36052,-0.53642,16]},"faces":{"north":{"uv":[2,13.5,5.5,10],"rotation":270,"texture":"#4"},"east":{"uv":[0,0,3,0],"rotation":270,"texture":"#4"},"south":{"uv":[2,13.5,5.5,10],"rotation":90,"texture":"#4"},"west":{"uv":[0,0,3,0],"rotation":270,"texture":"#4"},"up":{"uv":[0,0,0,6],"rotation":270,"texture":"#4"},"down":{"uv":[0,0,0,6],"rotation":270,"texture":"#4"}}},{"from":[-2.55842,2.82294,7.6],"to":[-1.55842,3.82294,8.4],"rotation":{"angle":45,"axis":"z","origin":[-3.49847,8.06205,8]},"faces":{"north":{"uv":[1,11.5,1.5,11],"rotation":90,"texture":"#0"},"east":{"uv":[1.5,11,1,10.5],"rotation":270,"texture":"#0"},"south":{"uv":[1.5,11.5,1,11],"rotation":270,"texture":"#0"},"west":{"uv":[1.5,11,1,10.5],"rotation":270,"texture":"#0"},"up":{"uv":[1,12,0.5,11.5],"rotation":270,"texture":"#0"},"down":{"uv":[3.5,10.5,3,10],"rotation":270,"texture":"#0"}}},{"from":[16,5,4],"to":[17,10,5],"rotation":{"angle":0,"axis":"y","origin":[-4,1.1,0]},"faces":{"north":{"uv":[6.5,10.5,7,13],"texture":"#0"},"east":{"uv":[9.5,7,12,6.5],"rotation":90,"texture":"#0"},"south":{"uv":[11,7.5,11.5,10],"texture":"#0"},"west":{"uv":[9.5,6.5,12,7],"rotation":90,"texture":"#0"},"up":{"uv":[6.25,9.5,7.25,10],"rotation":90,"texture":"#0"},"down":{"uv":[6.25,9.5,7.25,10],"rotation":90,"texture":"#0"}}},{"from":[17,5,5],"to":[20,10,11],"rotation":{"angle":0,"axis":"y","origin":[-4,1.1,0]},"faces":{"north":{"uv":[9,10,10.5,12.5],"texture":"#0"},"east":{"uv":[7.5,7.5,10.5,10],"texture":"#0"},"south":{"uv":[10.5,10,9,12.5],"texture":"#0"},"west":{"uv":[12,6.5,15,9],"texture":"#0"},"up":{"uv":[7.5,10,9,13],"texture":"#0"},"down":{"uv":[7.5,10,9,13],"texture":"#0"}}},{"from":[20,5.9,6],"to":[21,8.9,10],"rotation":{"angle":0,"axis":"y","origin":[-4,1.1,0]},"faces":{"north":{"uv":[13.5,10,13,11.5],"texture":"#0"},"east":{"uv":[11,10,13,11.5],"texture":"#0"},"south":{"uv":[13,10,13.5,11.5],"texture":"#0"},"west":{"uv":[11,10,13,11.5],"texture":"#0"},"up":{"uv":[11,11.5,11.5,13.5],"texture":"#0"},"down":{"uv":[11,11.5,11.5,13.5],"texture":"#0"}}},{"from":[16,4,5],"to":[17,5,11],"rotation":{"angle":0,"axis":"y","origin":[-4,17.1,0]},"faces":{"north":{"uv":[7.5,13.5,8,13],"texture":"#0"},"east":{"uv":[7.5,10.5,7,13.5],"rotation":90,"texture":"#0"},"south":{"uv":[7.5,13.5,8,13],"texture":"#0"},"west":{"uv":[7.5,10.5,7,13.5],"rotation":90,"texture":"#0"},"up":{"uv":[10.5,13.5,11,10.5],"texture":"#0"},"down":{"uv":[10.5,10.5,11,7.5],"texture":"#0"}}},{"from":[16,5,11],"to":[17,10,12],"rotation":{"angle":0,"axis":"y","origin":[-4,1.1,16]},"faces":{"north":{"uv":[12,7.5,11.5,10],"texture":"#0"},"east":{"uv":[9.5,6.5,12,7],"rotation":90,"texture":"#0"},"south":{"uv":[7,10.5,6.5,13],"texture":"#0"},"west":{"uv":[9.5,7,12,6.5],"rotation":90,"texture":"#0"},"up":{"uv":[7.25,9.5,6.25,10],"rotation":90,"texture":"#0"},"down":{"uv":[7.25,9.5,6.25,10],"rotation":90,"texture":"#0"}}},{"from":[16,10,5],"to":[17,11,11],"rotation":{"angle":0,"axis":"y","origin":[-4,1.1,0]},"faces":{"north":{"uv":[7.5,13,8,13.5],"texture":"#0"},"east":{"uv":[7,10.5,7.5,13.5],"rotation":90,"texture":"#0"},"south":{"uv":[7.5,13,8,13.5],"texture":"#0"},"west":{"uv":[7,10.5,7.5,13.5],"rotation":90,"texture":"#0"},"up":{"uv":[10.5,7.5,11,10.5],"texture":"#0"},"down":{"uv":[10.5,10.5,11,13.5],"texture":"#0"}}},{"from":[15.45314,5.74874,11.10188],"to":[17.45314,6.74874,12.10188],"rotation":{"angle":0,"axis":"y","origin":[17.60188,6.24874,11]},"faces":{"north":{"uv":[5.5,4,6.5,4.5],"texture":"#1"},"east":{"uv":[5.5,3.5,6,4],"rotation":270,"texture":"#1"},"south":{"uv":[5.5,4.5,6.5,5],"rotation":180,"texture":"#1"},"west":{"uv":[5.5,3.5,6,4],"rotation":90,"texture":"#1"},"up":{"uv":[1,8,2,7.5],"rotation":180,"texture":"#1"},"down":{"uv":[1,7.5,2,8],"rotation":180,"texture":"#1"}}},{"from":[17.07219,5.84874,11.0078],"to":[18.07219,6.64874,12.0078],"rotation":{"angle":22.5,"axis":"y","origin":[17.60188,6.24874,11]},"faces":{"north":{"uv":[5,1.5,5.5,2],"rotation":270,"texture":"#1"},"east":{"uv":[5,2.5,5.5,3],"rotation":180,"texture":"#1"},"south":{"uv":[5,1,5.5,1.5],"rotation":90,"texture":"#1"},"west":{"uv":[5,3,5.5,3.5],"texture":"#1"},"up":{"uv":[5.5,2,5,2.5],"rotation":90,"texture":"#1"},"down":{"uv":[5,2,5.5,2.5],"rotation":90,"texture":"#1"}}},{"from":[17.61756,8.34874,11.06686],"to":[18.61756,8.94874,12.06686],"rotation":{"angle":45,"axis":"y","origin":[17.60188,8.64874,11]},"faces":{"north":{"uv":[5,3.5,5.25,4],"rotation":270,"texture":"#1"},"east":{"uv":[5,4.5,5.5,4.75],"rotation":180,"texture":"#1"},"south":{"uv":[5.25,3.5,5.5,4],"rotation":90,"texture":"#1"},"west":{"uv":[5,4.75,5.5,5],"texture":"#1"},"up":{"uv":[5.5,4,5,4.5],"rotation":90,"texture":"#1"},"down":{"uv":[5,4,5.5,4.5],"rotation":90,"texture":"#1"}}},{"from":[17.07219,8.24874,11.0078],"to":[18.07219,9.04874,12.0078],"rotation":{"angle":22.5,"axis":"y","origin":[17.60188,8.64874,11]},"faces":{"north":{"uv":[5,1.5,5.5,2],"rotation":270,"texture":"#1"},"east":{"uv":[5,2.5,5.5,3],"rotation":180,"texture":"#1"},"south":{"uv":[5,1,5.5,1.5],"rotation":90,"texture":"#1"},"west":{"uv":[5,3,5.5,3.5],"texture":"#1"},"up":{"uv":[5.5,2,5,2.5],"rotation":90,"texture":"#1"},"down":{"uv":[5,2,5.5,2.5],"rotation":90,"texture":"#1"}}},{"from":[15.45314,8.14874,11.10188],"to":[17.45314,9.14874,12.10188],"rotation":{"angle":0,"axis":"y","origin":[17.60188,8.64874,11]},"faces":{"north":{"uv":[5.5,4,6.5,4.5],"texture":"#1"},"east":{"uv":[5.5,3.5,6,4],"rotation":270,"texture":"#1"},"south":{"uv":[5.5,4.5,6.5,5],"rotation":180,"texture":"#1"},"west":{"uv":[5.5,3.5,6,4],"rotation":90,"texture":"#1"},"up":{"uv":[1,8,2,7.5],"rotation":180,"texture":"#1"},"down":{"uv":[1,7.5,2,8],"rotation":180,"texture":"#1"}}},{"from":[17.61756,5.94874,11.06686],"to":[18.61756,6.54874,12.06686],"rotation":{"angle":45,"axis":"y","origin":[17.60188,6.24874,11]},"faces":{"north":{"uv":[5,3.5,5.25,4],"rotation":270,"texture":"#1"},"east":{"uv":[5,4.5,5.5,4.75],"rotation":180,"texture":"#1"},"south":{"uv":[5.25,3.5,5.5,4],"rotation":90,"texture":"#1"},"west":{"uv":[5,4.75,5.5,5],"texture":"#1"},"up":{"uv":[5.5,4,5,4.5],"rotation":90,"texture":"#1"},"down":{"uv":[5,4,5.5,4.5],"rotation":90,"texture":"#1"}}},{"from":[15.45314,5.74874,3.89812],"to":[17.45314,6.74874,4.89812],"rotation":{"angle":0,"axis":"y","origin":[17.60188,6.24874,5]},"faces":{"north":{"uv":[6.5,4.5,5.5,5],"rotation":180,"texture":"#1"},"east":{"uv":[5.5,4,6,3.5],"rotation":270,"texture":"#1"},"south":{"uv":[6.5,4,5.5,4.5],"texture":"#1"},"west":{"uv":[5.5,4,6,3.5],"rotation":90,"texture":"#1"},"up":{"uv":[1,7.5,2,8],"rotation":180,"texture":"#1"},"down":{"uv":[1,8,2,7.5],"rotation":180,"texture":"#1"}}},{"from":[17.07219,5.84874,3.9922],"to":[18.07219,6.64874,4.9922],"rotation":{"angle":-22.5,"axis":"y","origin":[17.60188,6.24874,5]},"faces":{"north":{"uv":[5,1.5,5.5,1],"rotation":90,"texture":"#1"},"east":{"uv":[5.5,2.5,5,3],"rotation":180,"texture":"#1"},"south":{"uv":[5,2,5.5,1.5],"rotation":270,"texture":"#1"},"west":{"uv":[5.5,3,5,3.5],"texture":"#1"},"up":{"uv":[5,2,5.5,2.5],"rotation":90,"texture":"#1"},"down":{"uv":[5.5,2,5,2.5],"rotation":90,"texture":"#1"}}},{"from":[17.61756,8.34874,3.93314],"to":[18.61756,8.94874,4.93314],"rotation":{"angle":-45,"axis":"y","origin":[17.60188,8.64874,5]},"faces":{"north":{"uv":[5.25,4,5.5,3.5],"rotation":90,"texture":"#1"},"east":{"uv":[5.5,4.5,5,4.75],"rotation":180,"texture":"#1"},"south":{"uv":[5,4,5.25,3.5],"rotation":270,"texture":"#1"},"west":{"uv":[5.5,4.75,5,5],"texture":"#1"},"up":{"uv":[5,4,5.5,4.5],"rotation":90,"texture":"#1"},"down":{"uv":[5.5,4,5,4.5],"rotation":90,"texture":"#1"}}},{"from":[17.07219,8.24874,3.9922],"to":[18.07219,9.04874,4.9922],"rotation":{"angle":-22.5,"axis":"y","origin":[17.60188,8.64874,5]},"faces":{"north":{"uv":[5,1.5,5.5,1],"rotation":90,"texture":"#1"},"east":{"uv":[5.5,2.5,5,3],"rotation":180,"texture":"#1"},"south":{"uv":[5,2,5.5,1.5],"rotation":270,"texture":"#1"},"west":{"uv":[5.5,3,5,3.5],"texture":"#1"},"up":{"uv":[5,2,5.5,2.5],"rotation":90,"texture":"#1"},"down":{"uv":[5.5,2,5,2.5],"rotation":90,"texture":"#1"}}},{"from":[15.45314,8.14874,3.89812],"to":[17.45314,9.14874,4.89812],"rotation":{"angle":0,"axis":"y","origin":[17.60188,8.64874,5]},"faces":{"north":{"uv":[6.5,4.5,5.5,5],"rotation":180,"texture":"#1"},"east":{"uv":[5.5,4,6,3.5],"rotation":270,"texture":"#1"},"south":{"uv":[6.5,4,5.5,4.5],"texture":"#1"},"west":{"uv":[5.5,4,6,3.5],"rotation":90,"texture":"#1"},"up":{"uv":[1,7.5,2,8],"rotation":180,"texture":"#1"},"down":{"uv":[1,8,2,7.5],"rotation":180,"texture":"#1"}}},{"from":[17.61756,5.94874,3.93314],"to":[18.61756,6.54874,4.93314],"rotation":{"angle":-45,"axis":"y","origin":[17.60188,6.24874,5]},"faces":{"north":{"uv":[5.25,4,5.5,3.5],"rotation":90,"texture":"#1"},"east":{"uv":[5.5,4.5,5,4.75],"rotation":180,"texture":"#1"},"south":{"uv":[5,4,5.25,3.5],"rotation":270,"texture":"#1"},"west":{"uv":[5.5,4.75,5,5],"texture":"#1"},"up":{"uv":[5,4,5.5,4.5],"rotation":90,"texture":"#1"},"down":{"uv":[5.5,4,5,4.5],"rotation":90,"texture":"#1"}}},{"from":[8.0849,-7.94045,7],"to":[20.0849,-2.94045,9],"rotation":{"angle":45,"axis":"z","origin":[8.59847,-3.86205,8]},"faces":{"north":{"uv":[14.5,3.5,8.5,1],"texture":"#0"},"east":{"uv":[6,5.5,7,3],"texture":"#0"},"south":{"uv":[8.5,3.5,14.5,1],"texture":"#0"},"west":{"uv":[6,5.5,7,3],"texture":"#0"},"up":{"uv":[7,15,13,14],"texture":"#0"},"down":{"uv":[7,15,13,14],"texture":"#0"}}},{"from":[16.09025,1.39754,7.1],"to":[19.59025,4.89754,8.9],"rotation":{"angle":0,"axis":"y","origin":[8.59847,-3.86205,8]},"faces":{"north":{"uv":[10,13.75,11.75,15.5],"rotation":270,"texture":"#2"},"east":{"uv":[1,13,4.5,15],"rotation":90,"texture":"#3"},"south":{"uv":[11.75,13.75,10,15.5],"rotation":90,"texture":"#2"},"west":{"uv":[4.5,13,1,15],"rotation":90,"texture":"#3"},"up":{"uv":[11.5,10,10.5,11.75],"rotation":90,"texture":"#2"},"down":{"uv":[11.5,10,10.5,11.75],"rotation":90,"texture":"#2"}}},{"from":[6.0849,-2.94045,7],"to":[20.0849,-0.94045,9],"rotation":{"angle":45,"axis":"z","origin":[8.59847,-3.86205,8]},"faces":{"north":{"uv":[0,14,7,13],"texture":"#0"},"east":{"uv":[7.5,3,8.5,2],"texture":"#0"},"south":{"uv":[0,14,7,13],"texture":"#0"},"west":{"uv":[7.5,3,8.5,2],"texture":"#0"},"up":{"uv":[7,15,14,14],"texture":"#0"},"down":{"uv":[0,14,7,13],"texture":"#0"}}},{"from":[-1.70275,-4.22974,6.1],"to":[8.29725,-2.22974,8],"rotation":{"angle":22.5,"axis":"z","origin":[8.59847,-3.86205,8]},"faces":{"north":{"uv":[12.5,3,7.5,2],"texture":"#2"},"east":{"uv":[7.5,3,6.5,2],"texture":"#2"},"south":{"uv":[12.5,3,7.5,2],"texture":"#2"},"west":{"uv":[7.5,3,6.5,2],"texture":"#2"},"up":{"uv":[7.5,2,12.5,3],"texture":"#2"},"down":{"uv":[7.5,2,12.5,3],"texture":"#2"}}},{"from":[-1.70275,-4.22974,8],"to":[8.29725,-2.22974,9.9],"rotation":{"angle":22.5,"axis":"z","origin":[8.59847,-3.86205,8]},"faces":{"north":{"uv":[7.5,3,12.5,2],"texture":"#2"},"east":{"uv":[6.5,3,7.5,2],"texture":"#2"},"south":{"uv":[7.5,3,12.5,2],"texture":"#2"},"west":{"uv":[6.5,3,7.5,2],"texture":"#2"},"up":{"uv":[7.5,3,12.5,2],"texture":"#2"},"down":{"uv":[7.5,3,12.5,2],"texture":"#2"}}},{"from":[2.04024,-14.69232,6],"to":[6.04024,-10.69232,8],"rotation":{"angle":-45,"axis":"z","origin":[8.59847,-3.86205,8]},"faces":{"north":{"uv":[14,11,16,9],"texture":"#0"},"east":{"uv":[16,7,15,9],"texture":"#0"},"south":{"uv":[14,11,16,9],"texture":"#0"},"west":{"uv":[15,9,16,7],"texture":"#0"},"up":{"uv":[16,14,14,15],"texture":"#0"},"down":{"uv":[14,15,16,14],"texture":"#0"}}},{"from":[2.04024,-14.69232,8],"to":[6.04024,-10.69232,10],"rotation":{"angle":-45,"axis":"z","origin":[8.59847,-3.86205,8]},"faces":{"north":{"uv":[16,11,14,9],"texture":"#0"},"east":{"uv":[15,7,16,9],"texture":"#0"},"south":{"uv":[16,11,14,9],"texture":"#0"},"west":{"uv":[16,9,15,7],"texture":"#0"},"up":{"uv":[16,15,14,14],"texture":"#0"},"down":{"uv":[14,14,16,15],"texture":"#0"}}},{"from":[-4,-4.5,8],"to":[0,7.5,8],"rotation":{"angle":0,"axis":"y","origin":[8.59847,-3.86205,8]},"faces":{"north":{"uv":[16,6,14,0],"texture":"#2"},"east":{"uv":[0,5.5,0,0],"texture":"#2"},"south":{"uv":[14,6,16,0],"texture":"#2"},"west":{"uv":[0,5.5,0,0],"texture":"#2"},"up":{"uv":[0,0,2.5,0],"texture":"#2"},"down":{"uv":[0,0,2.5,0],"texture":"#2"}}},{"from":[-5.04339,-11.8696,8],"to":[4.95661,-3.8696,8],"rotation":{"angle":22.5,"axis":"z","origin":[8.59847,-3.86205,8]},"faces":{"north":{"uv":[11.75,10.5,15.75,15.5],"rotation":90,"texture":"#2"},"east":{"uv":[0,4,0,0],"texture":"#2"},"south":{"uv":[11.75,15.5,15.75,10.5],"rotation":90,"texture":"#2"},"west":{"uv":[0,4,0,0],"texture":"#2"},"up":{"uv":[0,0,5,0],"texture":"#2"},"down":{"uv":[0,0,5,0],"texture":"#2"}}},{"from":[15.85,2.41213,6.1],"to":[17.85,5.41213,9.9],"rotation":{"angle":-22.5,"axis":"z","origin":[8.59847,-3.86205,8]},"faces":{"north":{"uv":[5,10,3.5,11],"rotation":270,"texture":"#0"},"east":{"uv":[4,8,1,12],"rotation":90,"texture":"#3"},"south":{"uv":[3.5,10,5,11],"rotation":90,"texture":"#0"},"west":{"uv":[14.5,11.5,13,13.5],"rotation":90,"texture":"#0"},"up":{"uv":[10.5,9,6.5,11],"rotation":90,"texture":"#3"},"down":{"uv":[14,9,12,10],"rotation":90,"texture":"#0"}}},{"from":[4.0849,-10.04045,6],"to":[18.0849,-8.04045,10],"rotation":{"angle":45,"axis":"z","origin":[8.59847,-3.86205,8]},"faces":{"north":{"uv":[16,16,9,15],"texture":"#0"},"east":{"uv":[7,16,9,15],"texture":"#0"},"south":{"uv":[9,16,16,15],"texture":"#0"},"west":{"uv":[6.5,15,10.5,13],"texture":"#3"},"up":{"uv":[6.5,2,13.5,0],"texture":"#2"},"down":{"uv":[15,2.5,1,6.5],"texture":"#3"}}},{"from":[7,-9.4,7.4],"to":[9,-8.4,8.6],"rotation":{"angle":0,"axis":"y","origin":[8.59847,-3.86205,8]},"faces":{"north":{"uv":[2.5,10,2,11],"rotation":90,"texture":"#0"},"east":{"uv":[2,11,2.5,11.5],"rotation":270,"texture":"#0"},"south":{"uv":[2,10,2.5,11],"rotation":270,"texture":"#0"},"west":{"uv":[2,11,2.5,11.5],"rotation":270,"texture":"#0"},"up":{"uv":[2.5,10,3,11],"rotation":270,"texture":"#0"},"down":{"uv":[3,10.5,3.5,11.5],"rotation":270,"texture":"#0"}}},{"from":[12.13263,-6.50704,7.6],"to":[13.13263,-5.50704,8.4],"rotation":{"angle":-45,"axis":"z","origin":[8.59847,-3.86205,8]},"faces":{"north":{"uv":[1.5,11.5,1,11],"texture":"#0"},"east":{"uv":[3,10.5,3.5,10],"texture":"#0"},"south":{"uv":[1,11.5,1.5,11],"texture":"#0"},"west":{"uv":[0.5,12,1,11.5],"texture":"#0"},"up":{"uv":[1,11,1.5,10.5],"texture":"#0"},"down":{"uv":[1,11,1.5,10.5],"texture":"#0"}}},{"from":[6.91614,-9.08121,7.5],"to":[7.91614,-8.08121,8.5],"rotation":{"angle":22.5,"axis":"z","origin":[8.59847,-3.86205,8]},"faces":{"north":{"uv":[2,12,2.5,12.5],"rotation":270,"texture":"#0"},"east":{"uv":[3.5,12,3,12.5],"rotation":90,"texture":"#0"},"south":{"uv":[2,12,2.5,12.5],"rotation":270,"texture":"#0"},"west":{"uv":[3.5,12,3,12.5],"rotation":90,"texture":"#0"},"up":{"uv":[2,13,2.5,12.5],"texture":"#0"},"down":{"uv":[2.75,12,3.25,11.5],"texture":"#0"}}},{"from":[7,-5.1,7.4],"to":[9,-4.1,8.6],"rotation":{"angle":0,"axis":"y","origin":[8.59847,-3.86205,8]},"faces":{"north":{"uv":[1,12,1.5,13],"rotation":90,"texture":"#0"},"east":{"uv":[2.25,11.5,1.75,12],"rotation":270,"texture":"#0"},"south":{"uv":[1.5,12,1,13],"rotation":270,"texture":"#0"},"west":{"uv":[2.25,11.5,1.75,12],"rotation":270,"texture":"#0"},"up":{"uv":[3,12,2.5,13],"rotation":270,"texture":"#0"},"down":{"uv":[2,12,1.5,13],"rotation":270,"texture":"#0"}}},{"from":[9.11168,-4.90196,7.5],"to":[10.11168,-3.90196,8.5],"rotation":{"angle":-22.5,"axis":"z","origin":[8.59847,-3.86205,8]},"faces":{"north":{"uv":[1.5,10.5,2,11],"rotation":90,"texture":"#0"},"east":{"uv":[2,11,1.5,11.5],"rotation":270,"texture":"#0"},"south":{"uv":[2,10.5,1.5,11],"rotation":270,"texture":"#0"},"west":{"uv":[2,11,1.5,11.5],"rotation":270,"texture":"#0"},"up":{"uv":[2.75,11.5,2.25,12],"rotation":270,"texture":"#0"},"down":{"uv":[1.75,11.5,1.25,12],"rotation":270,"texture":"#0"}}},{"from":[8.16059,-6.2891,7.6],"to":[9.16059,-5.2891,8.4],"rotation":{"angle":45,"axis":"z","origin":[8.59847,-3.86205,8]},"faces":{"north":{"uv":[1,12.5,0.5,12],"texture":"#0"},"east":{"uv":[2.5,11.5,3,11],"texture":"#0"},"south":{"uv":[0.5,12.5,1,12],"texture":"#0"},"west":{"uv":[0.5,13,1,12.5],"texture":"#0"},"up":{"uv":[1.5,10.5,2,10],"texture":"#0"},"down":{"uv":[1.5,10.5,2,10],"texture":"#0"}}},{"from":[9.7,-8.2,7.5],"to":[10.7,-5.2,8.5],"rotation":{"angle":0,"axis":"y","origin":[8.59847,-3.86205,8]},"faces":{"north":{"uv":[0.5,11.5,1,10],"texture":"#0"},"east":{"uv":[0,11.5,0.5,10],"texture":"#0"},"south":{"uv":[1,11.5,0.5,10],"texture":"#0"},"west":{"uv":[0,13,0.5,11.5],"texture":"#0"},"up":{"uv":[1,10.5,1.5,10],"texture":"#0"},"down":{"uv":[1,10.5,1.5,10],"texture":"#0"}}},{"from":[5.5,-8.2,7.5],"to":[6.5,-5.2,8.5],"rotation":{"angle":0,"axis":"y","origin":[8.59847,-3.86205,8]},"faces":{"north":{"uv":[1,11.5,0.5,10],"texture":"#0"},"east":{"uv":[0.5,13,0,11.5],"texture":"#0"},"south":{"uv":[0.5,11.5,1,10],"texture":"#0"},"west":{"uv":[0.5,11.5,0,10],"texture":"#0"},"up":{"uv":[1.5,10.5,1,10],"texture":"#0"},"down":{"uv":[1.5,10.5,1,10],"texture":"#0"}}},{"from":[7.33141,-6.99405,7.6],"to":[8.33141,-5.99405,8.4],"rotation":{"angle":-45,"axis":"z","origin":[8.59847,-3.86205,8]},"faces":{"north":{"uv":[0.5,12.5,1,12],"texture":"#0"},"east":{"uv":[1,13,0.5,12.5],"texture":"#0"},"south":{"uv":[1,12.5,0.5,12],"texture":"#0"},"west":{"uv":[3,11.5,2.5,11],"texture":"#0"},"up":{"uv":[2,10.5,1.5,10],"texture":"#0"},"down":{"uv":[2,10.5,1.5,10],"texture":"#0"}}},{"from":[6.16421,-4.52045,7.5],"to":[7.16421,-3.52045,8.5],"rotation":{"angle":22.5,"axis":"z","origin":[8.59847,-3.86205,8]},"faces":{"north":{"uv":[1.5,11,2,10.5],"rotation":90,"texture":"#0"},"east":{"uv":[2,11.5,1.5,11],"rotation":270,"texture":"#0"},"south":{"uv":[2,11,1.5,10.5],"rotation":270,"texture":"#0"},"west":{"uv":[2,11.5,1.5,11],"rotation":270,"texture":"#0"},"up":{"uv":[2.75,12,2.25,11.5],"rotation":270,"texture":"#0"},"down":{"uv":[1.75,12,1.25,11.5],"rotation":270,"texture":"#0"}}},{"from":[8.35974,-9.46272,7.5],"to":[9.35974,-8.46272,8.5],"rotation":{"angle":-22.5,"axis":"z","origin":[8.59847,-3.86205,8]},"faces":{"north":{"uv":[2,12.5,2.5,12],"rotation":270,"texture":"#0"},"east":{"uv":[3.5,12.5,3,12],"rotation":90,"texture":"#0"},"south":{"uv":[2,12.5,2.5,12],"rotation":270,"texture":"#0"},"west":{"uv":[3.5,12.5,3,12],"rotation":90,"texture":"#0"},"up":{"uv":[2.5,13,2,12.5],"texture":"#0"},"down":{"uv":[3.25,12,2.75,11.5],"texture":"#0"}}},{"from":[3.35937,-5.8021,7.6],"to":[4.35937,-4.8021,8.4],"rotation":{"angle":45,"axis":"z","origin":[8.59847,-3.86205,8]},"faces":{"north":{"uv":[1,11.5,1.5,11],"texture":"#0"},"east":{"uv":[1,12,0.5,11.5],"texture":"#0"},"south":{"uv":[1.5,11.5,1,11],"texture":"#0"},"west":{"uv":[3.5,10.5,3,10],"texture":"#0"},"up":{"uv":[1.5,11,1,10.5],"texture":"#0"},"down":{"uv":[1.5,11,1,10.5],"texture":"#0"}}},{"from":[6,-8.9,8],"to":[10.5,-4.4,8],"faces":{"north":{"uv":[1.5,9.5,6,14],"texture":"#4"},"east":{"uv":[0,0,0,6],"texture":"#4"},"south":{"uv":[1.5,9.5,6,14],"texture":"#4"},"west":{"uv":[0,0,0,6],"texture":"#4"},"up":{"uv":[0,0,3,0],"texture":"#4"},"down":{"uv":[0,0,3,0],"texture":"#4"}}},{"from":[2,7,7.5],"to":[13,8,8.5],"faces":{"north":{"uv":[0,15.5,5.5,16],"texture":"#6"},"east":{"uv":[15.5,10.5,16,11],"texture":"#6"},"south":{"uv":[0,15.5,5.5,16],"texture":"#6"},"west":{"uv":[15.5,10.5,16,11],"texture":"#6"},"up":{"uv":[0,15.5,5.5,16],"texture":"#6"},"down":{"uv":[0,15.5,5.5,16],"texture":"#6"}}},{"from":[13,7,7.5],"to":[24,8,8.5],"rotation":{"angle":0,"axis":"y","origin":[16,0,0]},"faces":{"north":{"uv":[5.5,15.5,0,16],"texture":"#6"},"east":{"uv":[16,10.5,15.5,11],"texture":"#6"},"south":{"uv":[5.5,15.5,0,16],"texture":"#6"},"west":{"uv":[16,10.5,15.5,11],"texture":"#6"},"up":{"uv":[5.5,15.5,0,16],"texture":"#6"},"down":{"uv":[5.5,15.5,0,16],"texture":"#6"}}},{"from":[31,6.5,7],"to":[32,8.5,9],"rotation":{"angle":0,"axis":"y","origin":[22,27,8]},"faces":{"north":{"uv":[3,13,2,13.5],"rotation":90,"texture":"#6"},"east":{"uv":[4,13,3,14],"rotation":270,"texture":"#6"},"south":{"uv":[3,13,2,13.5],"rotation":270,"texture":"#6"},"west":{"uv":[5,13,4,14],"rotation":270,"texture":"#6"},"up":{"uv":[3,13.5,2,14],"rotation":270,"texture":"#6"},"down":{"uv":[3,13.5,2,14],"rotation":270,"texture":"#6"}}},{"from":[24,6.5,7],"to":[25,8.5,9],"rotation":{"angle":0,"axis":"y","origin":[26.5,7.5,8]},"faces":{"north":{"uv":[9.5,7,10,6],"texture":"#6"},"east":{"uv":[2,13,1,14],"rotation":270,"texture":"#6"},"south":{"uv":[9.5,7,10,6],"rotation":180,"texture":"#6"},"west":{"uv":[2,13,1,14],"rotation":270,"texture":"#6"},"up":{"uv":[9.5,6,10,5],"rotation":180,"texture":"#6"},"down":{"uv":[9.5,6,10,5],"rotation":180,"texture":"#6"}}},{"from":[23,5.5,7],"to":[31,6.5,9],"rotation":{"angle":0,"axis":"y","origin":[26.5,7.5,8]},"faces":{"north":{"uv":[5.5,15.5,9.5,16],"texture":"#6"},"east":{"uv":[9.5,14,10,15],"rotation":270,"texture":"#6"},"south":{"uv":[5.5,16,9.5,15.5],"rotation":180,"texture":"#6"},"west":{"uv":[9.5,15,10,16],"rotation":270,"texture":"#6"},"up":{"uv":[11,4,12,8],"rotation":270,"texture":"#6"},"down":{"uv":[10,4,11,8],"rotation":270,"texture":"#6"}}},{"from":[24,3.5,7],"to":[29,4.5,9],"rotation":{"angle":0,"axis":"y","origin":[26.5,7.5,8]},"faces":{"north":{"uv":[2.5,14,5,14.5],"texture":"#6"},"east":{"uv":[1.5,14,2.5,14.5],"rotation":180,"texture":"#6"},"south":{"uv":[2.5,14.5,5,14],"rotation":180,"texture":"#6"},"west":{"uv":[5,14,6,14.5],"rotation":180,"texture":"#6"},"up":{"uv":[3.5,14.5,6,15.5],"rotation":180,"texture":"#6"},"down":{"uv":[1,14.5,3.5,15.5],"rotation":180,"texture":"#6"}}},{"from":[25,2.5,7],"to":[28,3.5,9],"rotation":{"angle":0,"axis":"y","origin":[26.5,7.5,8]},"faces":{"north":{"uv":[9.5,7,10,8.5],"rotation":90,"texture":"#6"},"east":{"uv":[5,13.5,6,13],"rotation":180,"texture":"#6"},"south":{"uv":[10,7,9.5,8.5],"rotation":270,"texture":"#6"},"west":{"uv":[5,13.5,6,14],"rotation":180,"texture":"#6"},"up":{"uv":[0,14,1,15.5],"rotation":270,"texture":"#6"},"down":{"uv":[0,12.5,1,14],"rotation":270,"texture":"#6"}}},{"from":[23,4.5,7],"to":[30,5.5,9],"rotation":{"angle":0,"axis":"y","origin":[26.5,7.5,8]},"faces":{"north":{"uv":[9.5,10.5,10,14],"rotation":90,"texture":"#6"},"east":{"uv":[9.5,8.5,10,9.5],"rotation":270,"texture":"#6"},"south":{"uv":[10,10.5,9.5,14],"rotation":270,"texture":"#6"},"west":{"uv":[9.5,9.5,10,10.5],"rotation":270,"texture":"#6"},"up":{"uv":[6,14.5,9.5,15.5],"rotation":180,"texture":"#6"},"down":{"uv":[6,13.5,9.5,14.5],"rotation":180,"texture":"#6"}}},{"from":[23,9.5,7],"to":[30,10.5,9],"rotation":{"angle":0,"axis":"y","origin":[26.5,8.5,8]},"faces":{"north":{"uv":[10,10.5,9.5,14],"rotation":90,"texture":"#6"},"east":{"uv":[10,8.5,9.5,9.5],"rotation":270,"texture":"#6"},"south":{"uv":[9.5,10.5,10,14],"rotation":270,"texture":"#6"},"west":{"uv":[10,9.5,9.5,10.5],"rotation":270,"texture":"#6"},"up":{"uv":[6,14.5,9.5,13.5],"rotation":180,"texture":"#6"},"down":{"uv":[6,15.5,9.5,14.5],"rotation":180,"texture":"#6"}}},{"from":[25,11.5,7],"to":[28,12.5,9],"rotation":{"angle":0,"axis":"y","origin":[26.5,8.5,8]},"faces":{"north":{"uv":[10,7,9.5,8.5],"rotation":90,"texture":"#6"},"east":{"uv":[5,13.5,6,13],"rotation":180,"texture":"#6"},"south":{"uv":[9.5,7,10,8.5],"rotation":270,"texture":"#6"},"west":{"uv":[5,14,6,13.5],"rotation":180,"texture":"#6"},"up":{"uv":[1,12.5,0,14],"rotation":270,"texture":"#6"},"down":{"uv":[1,14,0,15.5],"rotation":270,"texture":"#6"}}},{"from":[25,6.5,8],"to":[31,8.5,8],"faces":{"north":{"uv":[7.5,11,9.5,5],"rotation":90,"texture":"#7"},"east":{"uv":[0,0,0,2],"texture":"#7"},"south":{"uv":[7.5,5,9.5,11],"rotation":90,"texture":"#7"},"west":{"uv":[0,0,0,2],"texture":"#7"},"up":{"uv":[0,0,6,0],"texture":"#7"},"down":{"uv":[0,0,6,0],"texture":"#7"}}},{"from":[24,10.5,7],"to":[29,11.5,9],"rotation":{"angle":0,"axis":"y","origin":[26.5,8.5,8]},"faces":{"north":{"uv":[2.5,14.5,5,14],"texture":"#6"},"east":{"uv":[1.5,14.5,2.5,14],"rotation":180,"texture":"#6"},"south":{"uv":[2.5,14,5,14.5],"rotation":180,"texture":"#6"},"west":{"uv":[5,14.5,6,14],"rotation":180,"texture":"#6"},"up":{"uv":[1,15.5,3.5,14.5],"rotation":180,"texture":"#6"},"down":{"uv":[3.5,15.5,6,14.5],"rotation":180,"texture":"#6"}}},{"from":[23,8.5,7],"to":[31,9.5,9],"rotation":{"angle":0,"axis":"y","origin":[26.5,8.5,8]},"faces":{"north":{"uv":[5.5,16,9.5,15.5],"texture":"#6"},"east":{"uv":[10,14,9.5,15],"rotation":270,"texture":"#6"},"south":{"uv":[5.5,15.5,9.5,16],"rotation":180,"texture":"#6"},"west":{"uv":[10,15,9.5,16],"rotation":270,"texture":"#6"},"up":{"uv":[11,4,10,8],"rotation":270,"texture":"#6"},"down":{"uv":[12,4,11,8],"rotation":270,"texture":"#6"}}},{"from":[13,13,11],"to":[13,19,23],"rotation":{"angle":0,"axis":"y","origin":[16,0,0]},"faces":{"north":{"uv":[0,0,0,6],"texture":"#5"},"east":{"uv":[12,0,0,6],"texture":"#5"},"south":{"uv":[0,0,0,6],"texture":"#5"},"west":{"uv":[0,0,12,6],"texture":"#5"},"up":{"uv":[0,0,0,12],"texture":"#5"},"down":{"uv":[0,0,0,12],"texture":"#5"}}},{"from":[13,13,-7],"to":[13,19,5],"rotation":{"angle":0,"axis":"y","origin":[16,0,16]},"faces":{"north":{"uv":[0,0,0,6],"texture":"#5"},"east":{"uv":[0,0,12,6],"texture":"#5"},"south":{"uv":[0,0,0,6],"texture":"#5"},"west":{"uv":[12,0,0,6],"texture":"#5"},"up":{"uv":[0,12,0,0],"texture":"#5"},"down":{"uv":[0,12,0,0],"texture":"#5"}}}],"gui_light":"front","display":{"thirdperson_righthand":{"rotation":[0,90,0],"translation":[0,-1.55,5.75],"scale":[0.49,0.49,0.49]},"thirdperson_lefthand":{"rotation":[0,-90,0],"translation":[0,-1.55,5.75],"scale":[0.49,0.49,0.49]},"firstperson_righthand":{"rotation":[-135,84,150],"translation":[0.5,3.5,0.5],"scale":[0.5,0.5,0.5]},"firstperson_lefthand":{"rotation":[137.1,-80.35,115.23],"translation":[2.75,2.25,0.5],"scale":[0.5,0.5,0.5]},"ground":{"rotation":[45,0,0],"translation":[0,8.5,0],"scale":[0.27,0.27,0.27]},"gui":{"rotation":[0,0,-44.75],"translation":[1.25,-1,0],"scale":[0.33,0.33,0.33]},"head":{"scale":[0,0,0]},"fixed":{"rotation":[0,180,0],"translation":[0.25,-1,-6.75],"scale":[1.5,1.5,1.5]}},"groups":[{"name":"group","origin":[0.5,5.5,1],"color":0,"children":[0,1,2,{"name":"group","origin":[-2,20.6,8],"color":0,"children":[3,4]},{"name":"group","origin":[-2,20.6,8],"color":0,"children":[5,6]},7,8,9,10,{"name":"group","origin":[9.4,20.9,8],"color":0,"children":[11,12,13,14,15,16,17,18,19,20,21,22,23]},{"name":"group","origin":[9.4,20.9,8],"color":0,"children":[24,25,26,27,28,29,30,31,32,33,34,35,36,37]}]},{"name":"group","origin":[0,0,0],"color":0,"children":[38,39,40,41,42,43,{"name":"group","origin":[8,-9.1,10.5],"color":0,"children":[44,45,46,47,48,49]},{"name":"group","origin":[8,-9.1,10.5],"color":0,"children":[50,51,52,53,54,55]}]},{"name":"group","origin":[0.5,5.5,1],"color":0,"children":[56,57,58,{"name":"group","origin":[-2,20.6,8],"color":0,"children":[59,60]},{"name":"group","origin":[-2,20.6,8],"color":0,"children":[61,62]},63,64,65,66,{"name":"group","origin":[9.4,20.9,8],"color":0,"children":[67,68,69,70,71,72,73,74,75,76,77,78]},79]},{"name":"Arrow","origin":[8,8,8],"color":0,"children":[80,81,{"name":"group","origin":[-0.5,22,8],"color":0,"children":[82,83,84,85,86,87,88,89,90,91,92]}]},93,94],"mcmodels":"6d08e4e2fad88176756b21567a10af0d"}