{"credit":"MadewithBlockbench","texture_size":[32,32],"textures":{"0":"elitecreatures:valentines_animated_weapon_and_tool_set_v1/valentine_tex4","1":"elitecreatures:valentines_animated_weapon_and_tool_set_v1/valentine_tex5","2":"elitecreatures:valentines_animated_weapon_and_tool_set_v1/valentine_tex1","3":"elitecreatures:valentines_animated_weapon_and_tool_set_v1/valentine_tex2","4":"elitecreatures:valentines_animated_weapon_and_tool_set_v1/valentine_tex3","5":"elitecreatures:valentines_animated_weapon_and_tool_set_v1/bowfill","6":"elitecreatures:valentines_animated_weapon_and_tool_set_v1/cameralens1","8":"elitecreatures:valentines_animated_weapon_and_tool_set_v1/valentine_tex8","9":"elitecreatures:valentines_animated_weapon_and_tool_set_v1/cloudheart","particle":"elitecreatures:valentines_animated_weapon_and_tool_set_v1/valentine_tex4"},"elements":[{"from":[7,-9,7],"to":[9,0,9],"rotation":{"angle":0,"axis":"y","origin":[16,-5,0]},"faces":{"north":{"uv":[0,16,4.5,15],"rotation":90,"texture":"#4"},"east":{"uv":[9,4.5,13.5,3.5],"rotation":90,"texture":"#3"},"south":{"uv":[0,15,4.5,16],"rotation":90,"texture":"#4"},"west":{"uv":[0,15,4.5,14],"rotation":90,"texture":"#4"},"up":{"uv":[13,10,12,9],"rotation":90,"texture":"#4"},"down":{"uv":[13,9,12,10],"rotation":270,"texture":"#4"}}},{"from":[6.6,-0.2,7.6],"to":[12.6,5.8,8.3],"rotation":{"angle":45,"axis":"z","origin":[12,3,7.4]},"faces":{"north":{"uv":[0,13,3,16],"rotation":180,"texture":"#0"},"east":{"uv":[3,13,3.5,16],"rotation":180,"texture":"#0"},"south":{"uv":[3,13,0,16],"rotation":180,"texture":"#0"},"west":{"uv":[0,12.5,3,13],"rotation":90,"texture":"#0"},"up":{"uv":[0,13,3,12.5],"texture":"#0"},"down":{"uv":[3,13,3.5,16],"rotation":90,"texture":"#0"}}},{"from":[25,-2.5,6],"to":[29,1.5,8],"rotation":{"angle":-45,"axis":"z","origin":[8.59847,18.86205,8]},"faces":{"north":{"uv":[16,9,14,11],"texture":"#4"},"east":{"uv":[16,7,15,9],"texture":"#4"},"south":{"uv":[16,9,14,11],"texture":"#4"},"west":{"uv":[15,9,16,7],"texture":"#4"},"up":{"uv":[14,15,16,14],"rotation":180,"texture":"#4"},"down":{"uv":[16,14,14,15],"rotation":180,"texture":"#4"}}},{"from":[25,-2.5,8],"to":[29,1.5,10],"rotation":{"angle":-45,"axis":"z","origin":[8.59847,18.86205,8]},"faces":{"north":{"uv":[14,9,16,11],"texture":"#4"},"east":{"uv":[15,7,16,9],"texture":"#4"},"south":{"uv":[14,9,16,11],"texture":"#4"},"west":{"uv":[16,9,15,7],"texture":"#4"},"up":{"uv":[14,14,16,15],"rotation":180,"texture":"#4"},"down":{"uv":[16,15,14,14],"rotation":180,"texture":"#4"}}},{"from":[7.5,-3,7.5],"to":[10.5,0,8.5],"rotation":{"angle":0,"axis":"y","origin":[12,3,7.5]},"faces":{"north":{"uv":[9,8,7.5,9.5],"texture":"#2"},"east":{"uv":[2.5,14.5,4,15],"rotation":90,"texture":"#2"},"south":{"uv":[7.5,8,9,9.5],"texture":"#2"},"west":{"uv":[2.5,14.5,4,15],"rotation":90,"texture":"#2"},"up":{"uv":[4,14.5,5.5,15],"texture":"#2"},"down":{"uv":[5.5,14.5,7,15],"texture":"#2"}}},{"from":[6.5,1,8.3],"to":[10,4.5,8.3],"rotation":{"angle":0,"axis":"y","origin":[8.25,2.75,8.4]},"faces":{"north":{"uv":[2,13.5,5.5,10],"texture":"#6"},"east":{"uv":[0,6,0,0],"texture":"#6"},"south":{"uv":[2,13.5,5.5,10],"texture":"#6"},"west":{"uv":[0,6,0,0],"texture":"#6"},"up":{"uv":[0,0,3,0],"rotation":180,"texture":"#6"},"down":{"uv":[0,0,3,0],"rotation":180,"texture":"#6"}}},{"from":[6.5,1,7.5],"to":[10,4.5,7.5],"rotation":{"angle":0,"axis":"y","origin":[8.25,2.75,7.4]},"faces":{"north":{"uv":[5.5,13.5,2,10],"texture":"#6"},"east":{"uv":[0,6,0,0],"texture":"#6"},"south":{"uv":[5.5,13.5,2,10],"texture":"#6"},"west":{"uv":[0,6,0,0],"texture":"#6"},"up":{"uv":[0,0,3,0],"rotation":180,"texture":"#6"},"down":{"uv":[0,0,3,0],"rotation":180,"texture":"#6"}}},{"from":[7.29219,4.3,7.39525],"to":[9.29219,5.3,8.59525],"rotation":{"angle":0,"axis":"y","origin":[5.99847,-1.22377,7.99525]},"faces":{"north":{"uv":[2.5,10,2,11],"rotation":270,"texture":"#4"},"east":{"uv":[2.5,11,2,11.5],"rotation":270,"texture":"#4"},"south":{"uv":[2,10,2.5,11],"rotation":90,"texture":"#4"},"west":{"uv":[2.5,11,2,11.5],"rotation":270,"texture":"#4"},"up":{"uv":[3.5,10.5,3,11.5],"rotation":90,"texture":"#4"},"down":{"uv":[3,10,2.5,11],"rotation":90,"texture":"#4"}}},{"from":[1.96596,2.31703,7.59525],"to":[2.96596,3.31703,8.39525],"rotation":{"angle":-45,"axis":"z","origin":[5.99847,-1.22377,7.99525]},"faces":{"north":{"uv":[1,11,1.5,11.5],"texture":"#4"},"east":{"uv":[0.5,11.5,1,12],"texture":"#4"},"south":{"uv":[1.5,11,1,11.5],"texture":"#4"},"west":{"uv":[3,10,3.5,10.5],"texture":"#4"},"up":{"uv":[1,10.5,1.5,11],"rotation":180,"texture":"#4"},"down":{"uv":[1,10.5,1.5,11],"rotation":180,"texture":"#4"}}},{"from":[8.62426,3.25742,7.49525],"to":[9.62426,4.25742,8.49525],"rotation":{"angle":22.5,"axis":"z","origin":[5.99847,-1.22377,7.99525]},"faces":{"north":{"uv":[2.5,12,2,12.5],"rotation":270,"texture":"#4"},"east":{"uv":[3,12,3.5,12.5],"rotation":90,"texture":"#4"},"south":{"uv":[2.5,12,2,12.5],"rotation":270,"texture":"#4"},"west":{"uv":[3,12,3.5,12.5],"rotation":90,"texture":"#4"},"up":{"uv":[2.75,11.5,3.25,12],"rotation":180,"texture":"#4"},"down":{"uv":[2,12.5,2.5,13],"rotation":180,"texture":"#4"}}},{"from":[7.29219,0,7.39525],"to":[9.29219,1,8.59525],"rotation":{"angle":0,"axis":"y","origin":[5.99847,-1.22377,7.99525]},"faces":{"north":{"uv":[1,12,1.5,13],"rotation":270,"texture":"#4"},"east":{"uv":[1.75,11.5,2.25,12],"rotation":270,"texture":"#4"},"south":{"uv":[1.5,12,1,13],"rotation":90,"texture":"#4"},"west":{"uv":[1.75,11.5,2.25,12],"rotation":270,"texture":"#4"},"up":{"uv":[1.5,12,2,13],"rotation":90,"texture":"#4"},"down":{"uv":[2.5,12,3,13],"rotation":90,"texture":"#4"}}},{"from":[5.67421,0.37567,7.49525],"to":[6.67421,1.37567,8.49525],"rotation":{"angle":-22.5,"axis":"z","origin":[5.99847,-1.22377,7.99525]},"faces":{"north":{"uv":[1.5,10.5,2,11],"rotation":270,"texture":"#4"},"east":{"uv":[1.5,11,2,11.5],"rotation":270,"texture":"#4"},"south":{"uv":[2,10.5,1.5,11],"rotation":90,"texture":"#4"},"west":{"uv":[1.5,11,2,11.5],"rotation":270,"texture":"#4"},"up":{"uv":[1.25,11.5,1.75,12],"rotation":90,"texture":"#4"},"down":{"uv":[2.25,11.5,2.75,12],"rotation":90,"texture":"#4"}}},{"from":[7.33216,-0.29836,7.59525],"to":[8.33216,0.70164,8.39525],"rotation":{"angle":45,"axis":"z","origin":[5.99847,-1.22377,7.99525]},"faces":{"north":{"uv":[0.5,12,1,12.5],"texture":"#4"},"east":{"uv":[0.5,12.5,1,13],"texture":"#4"},"south":{"uv":[1,12,0.5,12.5],"texture":"#4"},"west":{"uv":[2.5,11,3,11.5],"texture":"#4"},"up":{"uv":[1.5,10,2,10.5],"rotation":180,"texture":"#4"},"down":{"uv":[1.5,10,2,10.5],"rotation":180,"texture":"#4"}}},{"from":[5.59219,1.1,7.49525],"to":[6.59219,4.1,8.49525],"rotation":{"angle":0,"axis":"y","origin":[5.99847,-1.22377,7.99525]},"faces":{"north":{"uv":[1,10,0.5,11.5],"texture":"#4"},"east":{"uv":[0,11.5,0.5,13],"texture":"#4"},"south":{"uv":[0.5,10,1,11.5],"texture":"#4"},"west":{"uv":[0,10,0.5,11.5],"texture":"#4"},"up":{"uv":[1,10,1.5,10.5],"rotation":180,"texture":"#4"},"down":{"uv":[1,10,1.5,10.5],"rotation":180,"texture":"#4"}}},{"from":[9.79219,1.1,7.49525],"to":[10.79219,4.1,8.49525],"rotation":{"angle":0,"axis":"y","origin":[5.99847,-1.22377,7.99525]},"faces":{"north":{"uv":[0.5,10,1,11.5],"texture":"#4"},"east":{"uv":[0.5,10,0,11.5],"texture":"#4"},"south":{"uv":[1,10,0.5,11.5],"texture":"#4"},"west":{"uv":[0.5,11.5,0,13],"texture":"#4"},"up":{"uv":[1.5,10,1,10.5],"rotation":180,"texture":"#4"},"down":{"uv":[1.5,10,1,10.5],"rotation":180,"texture":"#4"}}},{"from":[6.76717,2.80403,7.59525],"to":[7.76717,3.80403,8.39525],"rotation":{"angle":-45,"axis":"z","origin":[5.99847,-1.22377,7.99525]},"faces":{"north":{"uv":[1,12,0.5,12.5],"texture":"#4"},"east":{"uv":[3,11,2.5,11.5],"texture":"#4"},"south":{"uv":[0.5,12,1,12.5],"texture":"#4"},"west":{"uv":[1,12.5,0.5,13],"texture":"#4"},"up":{"uv":[2,10,1.5,10.5],"rotation":180,"texture":"#4"},"down":{"uv":[2,10,1.5,10.5],"rotation":180,"texture":"#4"}}},{"from":[9.3762,-1.30334,7.49525],"to":[10.3762,-0.30334,8.49525],"rotation":{"angle":22.5,"axis":"z","origin":[5.99847,-1.22377,7.99525]},"faces":{"north":{"uv":[1.5,11,2,10.5],"rotation":270,"texture":"#4"},"east":{"uv":[1.5,11.5,2,11],"rotation":270,"texture":"#4"},"south":{"uv":[2,11,1.5,10.5],"rotation":90,"texture":"#4"},"west":{"uv":[1.5,11.5,2,11],"rotation":270,"texture":"#4"},"up":{"uv":[1.25,12,1.75,11.5],"rotation":90,"texture":"#4"},"down":{"uv":[2.25,12,2.75,11.5],"rotation":90,"texture":"#4"}}},{"from":[6.42615,4.93643,7.49525],"to":[7.42615,5.93643,8.49525],"rotation":{"angle":-22.5,"axis":"z","origin":[5.99847,-1.22377,7.99525]},"faces":{"north":{"uv":[2.5,12.5,2,12],"rotation":270,"texture":"#4"},"east":{"uv":[3,12.5,3.5,12],"rotation":90,"texture":"#4"},"south":{"uv":[2.5,12.5,2,12],"rotation":270,"texture":"#4"},"west":{"uv":[3,12.5,3.5,12],"rotation":90,"texture":"#4"},"up":{"uv":[3.25,11.5,2.75,12],"rotation":180,"texture":"#4"},"down":{"uv":[2.5,12.5,2,13],"rotation":180,"texture":"#4"}}},{"from":[12.13338,-0.78537,7.59525],"to":[13.13338,0.21463,8.39525],"rotation":{"angle":45,"axis":"z","origin":[5.99847,-1.22377,7.99525]},"faces":{"north":{"uv":[1.5,11,1,11.5],"texture":"#4"},"east":{"uv":[3.5,10,3,10.5],"texture":"#4"},"south":{"uv":[1,11,1.5,11.5],"texture":"#4"},"west":{"uv":[1,11.5,0.5,12],"texture":"#4"},"up":{"uv":[1.5,10.5,1,11],"rotation":180,"texture":"#4"},"down":{"uv":[1.5,10.5,1,11],"rotation":180,"texture":"#4"}}},{"from":[6,4.5,8],"to":[10,18.5,10],"rotation":{"angle":0,"axis":"y","origin":[8,3.5,8]},"faces":{"north":{"uv":[6.5,0,13.5,2],"rotation":90,"texture":"#3"},"east":{"uv":[16,15,9,16],"rotation":270,"texture":"#4"},"south":{"uv":[15,6.5,1,2.5],"rotation":90,"texture":"#5"},"west":{"uv":[9,15,16,16],"rotation":90,"texture":"#4"},"up":{"uv":[10.5,15,6.5,13],"texture":"#5"},"down":{"uv":[9,16,7,15],"rotation":180,"texture":"#4"}}},{"from":[6,4.5,6],"to":[10,18.5,8],"rotation":{"angle":0,"axis":"y","origin":[8,3.5,8]},"faces":{"north":{"uv":[15,2.5,1,6.5],"rotation":90,"texture":"#5"},"east":{"uv":[16,16,9,15],"rotation":270,"texture":"#4"},"south":{"uv":[6.5,2,13.5,0],"rotation":90,"texture":"#3"},"west":{"uv":[9,16,16,15],"rotation":90,"texture":"#4"},"up":{"uv":[10.5,13,6.5,15],"texture":"#5"},"down":{"uv":[9,15,7,16],"rotation":180,"texture":"#4"}}},{"from":[6.5,19,6.5],"to":[10,22.5,6.5],"rotation":{"angle":0,"axis":"y","origin":[8.25,20.75,6.4]},"faces":{"north":{"uv":[2,13.5,5.5,10],"rotation":270,"texture":"#6"},"east":{"uv":[0,6,0,0],"texture":"#6"},"south":{"uv":[5.5,10,2,13.5],"texture":"#6"},"west":{"uv":[0,6,0,0],"texture":"#6"},"up":{"uv":[0,0,3,0],"rotation":180,"texture":"#6"},"down":{"uv":[0,0,3,0],"rotation":180,"texture":"#6"}}},{"from":[7.29219,22.3,6.39525],"to":[9.29219,23.3,7.59525],"rotation":{"angle":0,"axis":"y","origin":[5.99847,16.77623,6.99525]},"faces":{"north":{"uv":[2.5,10,2,11],"rotation":270,"texture":"#4"},"east":{"uv":[2.5,11,2,11.5],"rotation":270,"texture":"#4"},"south":{"uv":[2,10,2.5,11],"rotation":90,"texture":"#4"},"west":{"uv":[2.5,11,2,11.5],"rotation":270,"texture":"#4"},"up":{"uv":[3.5,10.5,3,11.5],"rotation":90,"texture":"#4"},"down":{"uv":[3,10,2.5,11],"rotation":90,"texture":"#4"}}},{"from":[1.96596,20.31703,6.59525],"to":[2.96596,21.31703,7.39525],"rotation":{"angle":-45,"axis":"z","origin":[5.99847,16.77623,6.99525]},"faces":{"north":{"uv":[1,11,1.5,11.5],"texture":"#4"},"east":{"uv":[0.5,11.5,1,12],"texture":"#4"},"south":{"uv":[1.5,11,1,11.5],"texture":"#4"},"west":{"uv":[3,10,3.5,10.5],"texture":"#4"},"up":{"uv":[1,10.5,1.5,11],"rotation":180,"texture":"#4"},"down":{"uv":[1,10.5,1.5,11],"rotation":180,"texture":"#4"}}},{"from":[8.62426,21.25742,6.49525],"to":[9.62426,22.25742,7.49525],"rotation":{"angle":22.5,"axis":"z","origin":[5.99847,16.77623,6.99525]},"faces":{"north":{"uv":[2.5,12,2,12.5],"rotation":270,"texture":"#4"},"east":{"uv":[3,12,3.5,12.5],"rotation":90,"texture":"#4"},"south":{"uv":[2.5,12,2,12.5],"rotation":270,"texture":"#4"},"west":{"uv":[3,12,3.5,12.5],"rotation":90,"texture":"#4"},"up":{"uv":[2.75,11.5,3.25,12],"rotation":180,"texture":"#4"},"down":{"uv":[2,12.5,2.5,13],"rotation":180,"texture":"#4"}}},{"from":[7.29219,18,6.39525],"to":[9.29219,19,7.59525],"rotation":{"angle":0,"axis":"y","origin":[5.99847,16.77623,6.99525]},"faces":{"north":{"uv":[1,12,1.5,13],"rotation":270,"texture":"#4"},"east":{"uv":[1.75,11.5,2.25,12],"rotation":270,"texture":"#4"},"south":{"uv":[1.5,12,1,13],"rotation":90,"texture":"#4"},"west":{"uv":[1.75,11.5,2.25,12],"rotation":270,"texture":"#4"},"up":{"uv":[1.5,12,2,13],"rotation":90,"texture":"#4"},"down":{"uv":[2.5,12,3,13],"rotation":90,"texture":"#4"}}},{"from":[5.67421,18.37567,6.49525],"to":[6.67421,19.37567,7.49525],"rotation":{"angle":-22.5,"axis":"z","origin":[5.99847,16.77623,6.99525]},"faces":{"north":{"uv":[1.5,10.5,2,11],"rotation":270,"texture":"#4"},"east":{"uv":[1.5,11,2,11.5],"rotation":270,"texture":"#4"},"south":{"uv":[2,10.5,1.5,11],"rotation":90,"texture":"#4"},"west":{"uv":[1.5,11,2,11.5],"rotation":270,"texture":"#4"},"up":{"uv":[1.25,11.5,1.75,12],"rotation":90,"texture":"#4"},"down":{"uv":[2.25,11.5,2.75,12],"rotation":90,"texture":"#4"}}},{"from":[7.33216,17.70164,6.59525],"to":[8.33216,18.70164,7.39525],"rotation":{"angle":45,"axis":"z","origin":[5.99847,16.77623,6.99525]},"faces":{"north":{"uv":[0.5,12,1,12.5],"texture":"#4"},"east":{"uv":[0.5,12.5,1,13],"texture":"#4"},"south":{"uv":[1,12,0.5,12.5],"texture":"#4"},"west":{"uv":[2.5,11,3,11.5],"texture":"#4"},"up":{"uv":[1.5,10,2,10.5],"rotation":180,"texture":"#4"},"down":{"uv":[1.5,10,2,10.5],"rotation":180,"texture":"#4"}}},{"from":[5.59219,19.1,6.49525],"to":[6.59219,22.1,7.49525],"rotation":{"angle":0,"axis":"y","origin":[5.99847,16.77623,6.99525]},"faces":{"north":{"uv":[1,10,0.5,11.5],"texture":"#4"},"east":{"uv":[0,11.5,0.5,13],"texture":"#4"},"south":{"uv":[0.5,10,1,11.5],"texture":"#4"},"west":{"uv":[0,10,0.5,11.5],"texture":"#4"},"up":{"uv":[1,10,1.5,10.5],"rotation":180,"texture":"#4"},"down":{"uv":[1,10,1.5,10.5],"rotation":180,"texture":"#4"}}},{"from":[9.79219,19.1,6.49525],"to":[10.79219,22.1,7.49525],"rotation":{"angle":0,"axis":"y","origin":[5.99847,16.77623,6.99525]},"faces":{"north":{"uv":[0.5,10,1,11.5],"texture":"#4"},"east":{"uv":[0.5,10,0,11.5],"texture":"#4"},"south":{"uv":[1,10,0.5,11.5],"texture":"#4"},"west":{"uv":[0.5,11.5,0,13],"texture":"#4"},"up":{"uv":[1.5,10,1,10.5],"rotation":180,"texture":"#4"},"down":{"uv":[1.5,10,1,10.5],"rotation":180,"texture":"#4"}}},{"from":[6.76717,20.80403,6.59525],"to":[7.76717,21.80403,7.39525],"rotation":{"angle":-45,"axis":"z","origin":[5.99847,16.77623,6.99525]},"faces":{"north":{"uv":[1,12,0.5,12.5],"texture":"#4"},"east":{"uv":[3,11,2.5,11.5],"texture":"#4"},"south":{"uv":[0.5,12,1,12.5],"texture":"#4"},"west":{"uv":[1,12.5,0.5,13],"texture":"#4"},"up":{"uv":[2,10,1.5,10.5],"rotation":180,"texture":"#4"},"down":{"uv":[2,10,1.5,10.5],"rotation":180,"texture":"#4"}}},{"from":[9.3762,16.69666,6.49525],"to":[10.3762,17.69666,7.49525],"rotation":{"angle":22.5,"axis":"z","origin":[5.99847,16.77623,6.99525]},"faces":{"north":{"uv":[1.5,11,2,10.5],"rotation":270,"texture":"#4"},"east":{"uv":[1.5,11.5,2,11],"rotation":270,"texture":"#4"},"south":{"uv":[2,11,1.5,10.5],"rotation":90,"texture":"#4"},"west":{"uv":[1.5,11.5,2,11],"rotation":270,"texture":"#4"},"up":{"uv":[1.25,12,1.75,11.5],"rotation":90,"texture":"#4"},"down":{"uv":[2.25,12,2.75,11.5],"rotation":90,"texture":"#4"}}},{"from":[6.42615,22.93643,6.49525],"to":[7.42615,23.93643,7.49525],"rotation":{"angle":-22.5,"axis":"z","origin":[5.99847,16.77623,6.99525]},"faces":{"north":{"uv":[2.5,12.5,2,12],"rotation":270,"texture":"#4"},"east":{"uv":[3,12.5,3.5,12],"rotation":90,"texture":"#4"},"south":{"uv":[2.5,12.5,2,12],"rotation":270,"texture":"#4"},"west":{"uv":[3,12.5,3.5,12],"rotation":90,"texture":"#4"},"up":{"uv":[3.25,11.5,2.75,12],"rotation":180,"texture":"#4"},"down":{"uv":[2.5,12.5,2,13],"rotation":180,"texture":"#4"}}},{"from":[12.13338,17.21463,6.59525],"to":[13.13338,18.21463,7.39525],"rotation":{"angle":45,"axis":"z","origin":[5.99847,16.77623,6.99525]},"faces":{"north":{"uv":[1.5,11,1,11.5],"texture":"#4"},"east":{"uv":[3.5,10,3,10.5],"texture":"#4"},"south":{"uv":[1,11,1.5,11.5],"texture":"#4"},"west":{"uv":[1,11.5,0.5,12],"texture":"#4"},"up":{"uv":[1.5,10.5,1,11],"rotation":180,"texture":"#4"},"down":{"uv":[1.5,10.5,1,11],"rotation":180,"texture":"#4"}}},{"from":[6.5,1,7.5],"to":[10,4.5,7.5],"rotation":{"angle":0,"axis":"y","origin":[8.25,2.75,7.4]},"faces":{"north":{"uv":[5.5,13.5,2,10],"texture":"#6"},"east":{"uv":[0,6,0,0],"texture":"#6"},"south":{"uv":[5.5,13.5,2,10],"texture":"#6"},"west":{"uv":[0,6,0,0],"texture":"#6"},"up":{"uv":[0,0,3,0],"rotation":180,"texture":"#6"},"down":{"uv":[0,0,3,0],"rotation":180,"texture":"#6"}}},{"from":[7.29219,4.3,7.39525],"to":[9.29219,5.3,8.59525],"rotation":{"angle":0,"axis":"y","origin":[5.99847,-1.22377,7.99525]},"faces":{"north":{"uv":[2.5,10,2,11],"rotation":270,"texture":"#4"},"east":{"uv":[2.5,11,2,11.5],"rotation":270,"texture":"#4"},"south":{"uv":[2,10,2.5,11],"rotation":90,"texture":"#4"},"west":{"uv":[2.5,11,2,11.5],"rotation":270,"texture":"#4"},"up":{"uv":[3.5,10.5,3,11.5],"rotation":90,"texture":"#4"},"down":{"uv":[3,10,2.5,11],"rotation":90,"texture":"#4"}}},{"from":[1.96596,2.31703,7.59525],"to":[2.96596,3.31703,8.39525],"rotation":{"angle":-45,"axis":"z","origin":[5.99847,-1.22377,7.99525]},"faces":{"north":{"uv":[1,11,1.5,11.5],"texture":"#4"},"east":{"uv":[0.5,11.5,1,12],"texture":"#4"},"south":{"uv":[1.5,11,1,11.5],"texture":"#4"},"west":{"uv":[3,10,3.5,10.5],"texture":"#4"},"up":{"uv":[1,10.5,1.5,11],"rotation":180,"texture":"#4"},"down":{"uv":[1,10.5,1.5,11],"rotation":180,"texture":"#4"}}},{"from":[8.62426,3.25742,7.49525],"to":[9.62426,4.25742,8.49525],"rotation":{"angle":22.5,"axis":"z","origin":[5.99847,-1.22377,7.99525]},"faces":{"north":{"uv":[2.5,12,2,12.5],"rotation":270,"texture":"#4"},"east":{"uv":[3,12,3.5,12.5],"rotation":90,"texture":"#4"},"south":{"uv":[2.5,12,2,12.5],"rotation":270,"texture":"#4"},"west":{"uv":[3,12,3.5,12.5],"rotation":90,"texture":"#4"},"up":{"uv":[2.75,11.5,3.25,12],"rotation":180,"texture":"#4"},"down":{"uv":[2,12.5,2.5,13],"rotation":180,"texture":"#4"}}},{"from":[7.29219,0,7.39525],"to":[9.29219,1,8.59525],"rotation":{"angle":0,"axis":"y","origin":[5.99847,-1.22377,7.99525]},"faces":{"north":{"uv":[1,12,1.5,13],"rotation":270,"texture":"#4"},"east":{"uv":[1.75,11.5,2.25,12],"rotation":270,"texture":"#4"},"south":{"uv":[1.5,12,1,13],"rotation":90,"texture":"#4"},"west":{"uv":[1.75,11.5,2.25,12],"rotation":270,"texture":"#4"},"up":{"uv":[1.5,12,2,13],"rotation":90,"texture":"#4"},"down":{"uv":[2.5,12,3,13],"rotation":90,"texture":"#4"}}},{"from":[5.67421,0.37567,7.49525],"to":[6.67421,1.37567,8.49525],"rotation":{"angle":-22.5,"axis":"z","origin":[5.99847,-1.22377,7.99525]},"faces":{"north":{"uv":[1.5,10.5,2,11],"rotation":270,"texture":"#4"},"east":{"uv":[1.5,11,2,11.5],"rotation":270,"texture":"#4"},"south":{"uv":[2,10.5,1.5,11],"rotation":90,"texture":"#4"},"west":{"uv":[1.5,11,2,11.5],"rotation":270,"texture":"#4"},"up":{"uv":[1.25,11.5,1.75,12],"rotation":90,"texture":"#4"},"down":{"uv":[2.25,11.5,2.75,12],"rotation":90,"texture":"#4"}}},{"from":[7.33216,-0.29836,7.59525],"to":[8.33216,0.70164,8.39525],"rotation":{"angle":45,"axis":"z","origin":[5.99847,-1.22377,7.99525]},"faces":{"north":{"uv":[0.5,12,1,12.5],"texture":"#4"},"east":{"uv":[0.5,12.5,1,13],"texture":"#4"},"south":{"uv":[1,12,0.5,12.5],"texture":"#4"},"west":{"uv":[2.5,11,3,11.5],"texture":"#4"},"up":{"uv":[1.5,10,2,10.5],"rotation":180,"texture":"#4"},"down":{"uv":[1.5,10,2,10.5],"rotation":180,"texture":"#4"}}},{"from":[5.59219,1.1,7.49525],"to":[6.59219,4.1,8.49525],"rotation":{"angle":0,"axis":"y","origin":[5.99847,-1.22377,7.99525]},"faces":{"north":{"uv":[1,10,0.5,11.5],"texture":"#4"},"east":{"uv":[0,11.5,0.5,13],"texture":"#4"},"south":{"uv":[0.5,10,1,11.5],"texture":"#4"},"west":{"uv":[0,10,0.5,11.5],"texture":"#4"},"up":{"uv":[1,10,1.5,10.5],"rotation":180,"texture":"#4"},"down":{"uv":[1,10,1.5,10.5],"rotation":180,"texture":"#4"}}},{"from":[9.79219,1.1,7.49525],"to":[10.79219,4.1,8.49525],"rotation":{"angle":0,"axis":"y","origin":[5.99847,-1.22377,7.99525]},"faces":{"north":{"uv":[0.5,10,1,11.5],"texture":"#4"},"east":{"uv":[0.5,10,0,11.5],"texture":"#4"},"south":{"uv":[1,10,0.5,11.5],"texture":"#4"},"west":{"uv":[0.5,11.5,0,13],"texture":"#4"},"up":{"uv":[1.5,10,1,10.5],"rotation":180,"texture":"#4"},"down":{"uv":[1.5,10,1,10.5],"rotation":180,"texture":"#4"}}},{"from":[6.76717,2.80403,7.59525],"to":[7.76717,3.80403,8.39525],"rotation":{"angle":-45,"axis":"z","origin":[5.99847,-1.22377,7.99525]},"faces":{"north":{"uv":[1,12,0.5,12.5],"texture":"#4"},"east":{"uv":[3,11,2.5,11.5],"texture":"#4"},"south":{"uv":[0.5,12,1,12.5],"texture":"#4"},"west":{"uv":[1,12.5,0.5,13],"texture":"#4"},"up":{"uv":[2,10,1.5,10.5],"rotation":180,"texture":"#4"},"down":{"uv":[2,10,1.5,10.5],"rotation":180,"texture":"#4"}}},{"from":[9.3762,-1.30334,7.49525],"to":[10.3762,-0.30334,8.49525],"rotation":{"angle":22.5,"axis":"z","origin":[5.99847,-1.22377,7.99525]},"faces":{"north":{"uv":[1.5,11,2,10.5],"rotation":270,"texture":"#4"},"east":{"uv":[1.5,11.5,2,11],"rotation":270,"texture":"#4"},"south":{"uv":[2,11,1.5,10.5],"rotation":90,"texture":"#4"},"west":{"uv":[1.5,11.5,2,11],"rotation":270,"texture":"#4"},"up":{"uv":[1.25,12,1.75,11.5],"rotation":90,"texture":"#4"},"down":{"uv":[2.25,12,2.75,11.5],"rotation":90,"texture":"#4"}}},{"from":[6.42615,4.93643,7.49525],"to":[7.42615,5.93643,8.49525],"rotation":{"angle":-22.5,"axis":"z","origin":[5.99847,-1.22377,7.99525]},"faces":{"north":{"uv":[2.5,12.5,2,12],"rotation":270,"texture":"#4"},"east":{"uv":[3,12.5,3.5,12],"rotation":90,"texture":"#4"},"south":{"uv":[2.5,12.5,2,12],"rotation":270,"texture":"#4"},"west":{"uv":[3,12.5,3.5,12],"rotation":90,"texture":"#4"},"up":{"uv":[3.25,11.5,2.75,12],"rotation":180,"texture":"#4"},"down":{"uv":[2.5,12.5,2,13],"rotation":180,"texture":"#4"}}},{"from":[12.13338,-0.78537,7.59525],"to":[13.13338,0.21463,8.39525],"rotation":{"angle":45,"axis":"z","origin":[5.99847,-1.22377,7.99525]},"faces":{"north":{"uv":[1.5,11,1,11.5],"texture":"#4"},"east":{"uv":[3.5,10,3,10.5],"texture":"#4"},"south":{"uv":[1,11,1.5,11.5],"texture":"#4"},"west":{"uv":[1,11.5,0.5,12],"texture":"#4"},"up":{"uv":[1.5,10.5,1,11],"rotation":180,"texture":"#4"},"down":{"uv":[1.5,10.5,1,11],"rotation":180,"texture":"#4"}}},{"from":[6.5,19,9.5],"to":[10,22.5,9.5],"rotation":{"angle":0,"axis":"y","origin":[8.25,20.75,9.6]},"faces":{"north":{"uv":[2,10,5.5,13.5],"texture":"#6"},"east":{"uv":[0,6,0,0],"texture":"#6"},"south":{"uv":[2,10,5.5,13.5],"rotation":270,"texture":"#6"},"west":{"uv":[0,6,0,0],"texture":"#6"},"up":{"uv":[0,0,3,0],"rotation":180,"texture":"#6"},"down":{"uv":[0,0,3,0],"rotation":180,"texture":"#6"}}},{"from":[7.29219,22.3,8.40475],"to":[9.29219,23.3,9.60475],"rotation":{"angle":0,"axis":"y","origin":[5.99847,16.77623,9.00475]},"faces":{"north":{"uv":[2,11,2.5,10],"rotation":90,"texture":"#4"},"east":{"uv":[2.5,11.5,2,11],"rotation":270,"texture":"#4"},"south":{"uv":[2.5,11,2,10],"rotation":270,"texture":"#4"},"west":{"uv":[2.5,11.5,2,11],"rotation":270,"texture":"#4"},"up":{"uv":[3,10.5,3.5,11.5],"rotation":90,"texture":"#4"},"down":{"uv":[2.5,10,3,11],"rotation":90,"texture":"#4"}}},{"from":[1.96596,20.31703,8.60475],"to":[2.96596,21.31703,9.40475],"rotation":{"angle":-45,"axis":"z","origin":[5.99847,16.77623,9.00475]},"faces":{"north":{"uv":[1,11,1.5,11.5],"texture":"#4"},"east":{"uv":[1,11.5,0.5,12],"texture":"#4"},"south":{"uv":[1.5,11,1,11.5],"texture":"#4"},"west":{"uv":[3.5,10,3,10.5],"texture":"#4"},"up":{"uv":[1,11,1.5,10.5],"rotation":180,"texture":"#4"},"down":{"uv":[1,11,1.5,10.5],"rotation":180,"texture":"#4"}}},{"from":[8.62426,21.25742,8.50475],"to":[9.62426,22.25742,9.50475],"rotation":{"angle":22.5,"axis":"z","origin":[5.99847,16.77623,9.00475]},"faces":{"north":{"uv":[2.5,12.5,2,12],"rotation":270,"texture":"#4"},"east":{"uv":[3,12.5,3.5,12],"rotation":90,"texture":"#4"},"south":{"uv":[2.5,12.5,2,12],"rotation":270,"texture":"#4"},"west":{"uv":[3,12.5,3.5,12],"rotation":90,"texture":"#4"},"up":{"uv":[2.75,12,3.25,11.5],"rotation":180,"texture":"#4"},"down":{"uv":[2,13,2.5,12.5],"rotation":180,"texture":"#4"}}},{"from":[7.29219,18,8.40475],"to":[9.29219,19,9.60475],"rotation":{"angle":0,"axis":"y","origin":[5.99847,16.77623,9.00475]},"faces":{"north":{"uv":[1.5,13,1,12],"rotation":90,"texture":"#4"},"east":{"uv":[1.75,12,2.25,11.5],"rotation":270,"texture":"#4"},"south":{"uv":[1,13,1.5,12],"rotation":270,"texture":"#4"},"west":{"uv":[1.75,12,2.25,11.5],"rotation":270,"texture":"#4"},"up":{"uv":[2,12,1.5,13],"rotation":90,"texture":"#4"},"down":{"uv":[3,12,2.5,13],"rotation":90,"texture":"#4"}}},{"from":[5.67421,18.37567,8.50475],"to":[6.67421,19.37567,9.50475],"rotation":{"angle":-22.5,"axis":"z","origin":[5.99847,16.77623,9.00475]},"faces":{"north":{"uv":[2,11,1.5,10.5],"rotation":90,"texture":"#4"},"east":{"uv":[1.5,11.5,2,11],"rotation":270,"texture":"#4"},"south":{"uv":[1.5,11,2,10.5],"rotation":270,"texture":"#4"},"west":{"uv":[1.5,11.5,2,11],"rotation":270,"texture":"#4"},"up":{"uv":[1.75,11.5,1.25,12],"rotation":90,"texture":"#4"},"down":{"uv":[2.75,11.5,2.25,12],"rotation":90,"texture":"#4"}}},{"from":[7.33216,17.70164,8.60475],"to":[8.33216,18.70164,9.40475],"rotation":{"angle":45,"axis":"z","origin":[5.99847,16.77623,9.00475]},"faces":{"north":{"uv":[0.5,12,1,12.5],"texture":"#4"},"east":{"uv":[1,12.5,0.5,13],"texture":"#4"},"south":{"uv":[1,12,0.5,12.5],"texture":"#4"},"west":{"uv":[3,11,2.5,11.5],"texture":"#4"},"up":{"uv":[1.5,10.5,2,10],"rotation":180,"texture":"#4"},"down":{"uv":[1.5,10.5,2,10],"rotation":180,"texture":"#4"}}},{"from":[5.59219,19.1,8.50475],"to":[6.59219,22.1,9.50475],"rotation":{"angle":0,"axis":"y","origin":[5.99847,16.77623,9.00475]},"faces":{"north":{"uv":[1,10,0.5,11.5],"texture":"#4"},"east":{"uv":[0.5,11.5,0,13],"texture":"#4"},"south":{"uv":[0.5,10,1,11.5],"texture":"#4"},"west":{"uv":[0.5,10,0,11.5],"texture":"#4"},"up":{"uv":[1,10.5,1.5,10],"rotation":180,"texture":"#4"},"down":{"uv":[1,10.5,1.5,10],"rotation":180,"texture":"#4"}}},{"from":[9.79219,19.1,8.50475],"to":[10.79219,22.1,9.50475],"rotation":{"angle":0,"axis":"y","origin":[5.99847,16.77623,9.00475]},"faces":{"north":{"uv":[0.5,10,1,11.5],"texture":"#4"},"east":{"uv":[0,10,0.5,11.5],"texture":"#4"},"south":{"uv":[1,10,0.5,11.5],"texture":"#4"},"west":{"uv":[0,11.5,0.5,13],"texture":"#4"},"up":{"uv":[1.5,10.5,1,10],"rotation":180,"texture":"#4"},"down":{"uv":[1.5,10.5,1,10],"rotation":180,"texture":"#4"}}},{"from":[6.76717,20.80403,8.60475],"to":[7.76717,21.80403,9.40475],"rotation":{"angle":-45,"axis":"z","origin":[5.99847,16.77623,9.00475]},"faces":{"north":{"uv":[1,12,0.5,12.5],"texture":"#4"},"east":{"uv":[2.5,11,3,11.5],"texture":"#4"},"south":{"uv":[0.5,12,1,12.5],"texture":"#4"},"west":{"uv":[0.5,12.5,1,13],"texture":"#4"},"up":{"uv":[2,10.5,1.5,10],"rotation":180,"texture":"#4"},"down":{"uv":[2,10.5,1.5,10],"rotation":180,"texture":"#4"}}},{"from":[9.3762,16.69666,8.50475],"to":[10.3762,17.69666,9.50475],"rotation":{"angle":22.5,"axis":"z","origin":[5.99847,16.77623,9.00475]},"faces":{"north":{"uv":[2,10.5,1.5,11],"rotation":90,"texture":"#4"},"east":{"uv":[1.5,11,2,11.5],"rotation":270,"texture":"#4"},"south":{"uv":[1.5,10.5,2,11],"rotation":270,"texture":"#4"},"west":{"uv":[1.5,11,2,11.5],"rotation":270,"texture":"#4"},"up":{"uv":[1.75,12,1.25,11.5],"rotation":90,"texture":"#4"},"down":{"uv":[2.75,12,2.25,11.5],"rotation":90,"texture":"#4"}}},{"from":[6.42615,22.93643,8.50475],"to":[7.42615,23.93643,9.50475],"rotation":{"angle":-22.5,"axis":"z","origin":[5.99847,16.77623,9.00475]},"faces":{"north":{"uv":[2.5,12,2,12.5],"rotation":270,"texture":"#4"},"east":{"uv":[3,12,3.5,12.5],"rotation":90,"texture":"#4"},"south":{"uv":[2.5,12,2,12.5],"rotation":270,"texture":"#4"},"west":{"uv":[3,12,3.5,12.5],"rotation":90,"texture":"#4"},"up":{"uv":[3.25,12,2.75,11.5],"rotation":180,"texture":"#4"},"down":{"uv":[2.5,13,2,12.5],"rotation":180,"texture":"#4"}}},{"from":[12.13338,17.21463,8.60475],"to":[13.13338,18.21463,9.40475],"rotation":{"angle":45,"axis":"z","origin":[5.99847,16.77623,9.00475]},"faces":{"north":{"uv":[1.5,11,1,11.5],"texture":"#4"},"east":{"uv":[3,10,3.5,10.5],"texture":"#4"},"south":{"uv":[1,11,1.5,11.5],"texture":"#4"},"west":{"uv":[0.5,11.5,1,12],"texture":"#4"},"up":{"uv":[1.5,11,1,10.5],"rotation":180,"texture":"#4"},"down":{"uv":[1.5,11,1,10.5],"rotation":180,"texture":"#4"}}},{"from":[8,20,8],"to":[26,21,8],"faces":{"north":{"uv":[9,15.5,0,16],"texture":"#8"},"east":{"uv":[0,0,0,0.5],"texture":"#8"},"south":{"uv":[0,15.5,9,16],"texture":"#8"},"west":{"uv":[0,0,0,0.5],"texture":"#8"},"up":{"uv":[0,0,9,0],"texture":"#8"},"down":{"uv":[0,0,9,0],"texture":"#8"}}},{"from":[5,8.5,5.5],"to":[6,14.5,10.5],"rotation":{"angle":0,"axis":"y","origin":[5,11.5,8]},"faces":{"north":{"uv":[7,9.5,4,10],"rotation":270,"texture":"#3"},"east":{"uv":[8.5,7,5.5,9.5],"rotation":270,"texture":"#3"},"south":{"uv":[7,10,4,9.5],"rotation":270,"texture":"#3"},"west":{"uv":[8.5,7,5.5,9.5],"rotation":90,"texture":"#3"},"up":{"uv":[10,9,10.5,11.5],"rotation":180,"texture":"#3"},"down":{"uv":[10.5,9,10,11.5],"texture":"#3"}}},{"from":[3.9,9.5,6.5],"to":[4.9,13.5,9.5],"rotation":{"angle":0,"axis":"y","origin":[5,11.5,8]},"faces":{"north":{"uv":[9.5,10,7.5,9.5],"rotation":270,"texture":"#3"},"east":{"uv":[9.5,10,7.5,11.5],"rotation":270,"texture":"#3"},"south":{"uv":[9.5,9.5,7.5,10],"rotation":270,"texture":"#3"},"west":{"uv":[9.5,10,7.5,11.5],"rotation":90,"texture":"#3"},"up":{"uv":[10,10,9.5,11.5],"rotation":180,"texture":"#3"},"down":{"uv":[9.5,10,10,11.5],"texture":"#3"}}},{"from":[5.8,6.8,7.5],"to":[6.8,7.8,8.5],"rotation":{"angle":-22.5,"axis":"z","origin":[4.5,8.5,8]},"faces":{"north":{"uv":[4,4,4.5,4.5],"rotation":270,"texture":"#2"},"east":{"uv":[4.5,4.5,5,4],"rotation":90,"texture":"#2"},"south":{"uv":[4,4.5,4.5,4],"rotation":270,"texture":"#2"},"west":{"uv":[4.5,4.5,5,4],"rotation":90,"texture":"#2"},"up":{"uv":[4,5,4.5,4.5],"rotation":90,"texture":"#2"},"down":{"uv":[4.5,5,5,4.5],"rotation":270,"texture":"#2"}}},{"from":[3.4,6.6,7.7],"to":[4.4,7.6,8.3],"rotation":{"angle":45,"axis":"z","origin":[4.5,8.5,8]},"faces":{"north":{"uv":[5,4,5.5,4.5],"rotation":180,"texture":"#2"},"east":{"uv":[5.25,3.5,5,4],"rotation":180,"texture":"#2"},"south":{"uv":[5.5,4,5,4.5],"rotation":180,"texture":"#2"},"west":{"uv":[5.5,3.5,5.25,4],"rotation":180,"texture":"#2"},"up":{"uv":[5.5,4.75,5,5],"texture":"#2"},"down":{"uv":[5.5,4.5,5,4.75],"texture":"#2"}}},{"from":[3.8,7.2,7.6],"to":[4.8,8.2,8.4],"rotation":{"angle":22.5,"axis":"z","origin":[4.5,8.5,8]},"faces":{"north":{"uv":[5,2,5.5,2.5],"rotation":180,"texture":"#2"},"east":{"uv":[5.5,1.5,5,2],"rotation":180,"texture":"#2"},"south":{"uv":[5.5,2,5,2.5],"rotation":180,"texture":"#2"},"west":{"uv":[5.5,1,5,1.5],"rotation":180,"texture":"#2"},"up":{"uv":[5.5,3,5,3.5],"texture":"#2"},"down":{"uv":[5.5,2.5,5,3],"texture":"#2"}}},{"from":[4,8,7.5],"to":[5,10,8.5],"rotation":{"angle":0,"axis":"y","origin":[15,-0.6,16]},"faces":{"north":{"uv":[1,7.5,2,8],"rotation":270,"texture":"#2"},"east":{"uv":[5.5,4.5,6.5,4],"rotation":270,"texture":"#2"},"south":{"uv":[1,8,2,7.5],"rotation":270,"texture":"#2"},"west":{"uv":[5.5,5,6.5,4.5],"rotation":270,"texture":"#2"},"up":{"uv":[5.5,4,6,3.5],"rotation":90,"texture":"#2"},"down":{"uv":[5.5,4,6,3.5],"rotation":90,"texture":"#2"}}},{"from":[10,4.5,7],"to":[12,18.5,9],"rotation":{"angle":0,"axis":"y","origin":[13,15,-6]},"faces":{"north":{"uv":[0,13,7,14],"rotation":270,"texture":"#4"},"east":{"uv":[0,14.5,7,15.5],"rotation":90,"texture":"#8"},"south":{"uv":[7,13,0,14],"rotation":90,"texture":"#4"},"west":{"uv":[7,14,14,15],"rotation":90,"texture":"#4"},"up":{"uv":[7.5,2,8.5,3],"rotation":90,"texture":"#4"},"down":{"uv":[7.5,2,8.5,3],"rotation":90,"texture":"#4"}}},{"from":[5.8,15.2,7.5],"to":[6.8,16.2,8.5],"rotation":{"angle":22.5,"axis":"z","origin":[4.5,14.5,8]},"faces":{"north":{"uv":[4.5,4,4,4.5],"rotation":270,"texture":"#2"},"east":{"uv":[5,4.5,4.5,4],"rotation":90,"texture":"#2"},"south":{"uv":[4.5,4.5,4,4],"rotation":270,"texture":"#2"},"west":{"uv":[5,4.5,4.5,4],"rotation":90,"texture":"#2"},"up":{"uv":[5,5,4.5,4.5],"rotation":270,"texture":"#2"},"down":{"uv":[4.5,5,4,4.5],"rotation":90,"texture":"#2"}}},{"from":[3.4,15.4,7.7],"to":[4.4,16.4,8.3],"rotation":{"angle":-45,"axis":"z","origin":[4.5,14.5,8]},"faces":{"north":{"uv":[5,4.5,5.5,4],"rotation":180,"texture":"#2"},"east":{"uv":[5.25,4,5,3.5],"rotation":180,"texture":"#2"},"south":{"uv":[5.5,4.5,5,4],"rotation":180,"texture":"#2"},"west":{"uv":[5.5,4,5.25,3.5],"rotation":180,"texture":"#2"},"up":{"uv":[5.5,4.75,5,4.5],"texture":"#2"},"down":{"uv":[5.5,5,5,4.75],"texture":"#2"}}},{"from":[3.8,14.8,7.6],"to":[4.8,15.8,8.4],"rotation":{"angle":-22.5,"axis":"z","origin":[4.5,14.5,8]},"faces":{"north":{"uv":[5,2.5,5.5,2],"rotation":180,"texture":"#2"},"east":{"uv":[5.5,2,5,1.5],"rotation":180,"texture":"#2"},"south":{"uv":[5.5,2.5,5,2],"rotation":180,"texture":"#2"},"west":{"uv":[5.5,1.5,5,1],"rotation":180,"texture":"#2"},"up":{"uv":[5.5,3,5,2.5],"texture":"#2"},"down":{"uv":[5.5,3.5,5,3],"texture":"#2"}}},{"from":[4,13,7.5],"to":[5,15,8.5],"rotation":{"angle":0,"axis":"y","origin":[15,23.6,16]},"faces":{"north":{"uv":[2,7.5,1,8],"rotation":270,"texture":"#2"},"east":{"uv":[6.5,4.5,5.5,4],"rotation":270,"texture":"#2"},"south":{"uv":[2,8,1,7.5],"rotation":270,"texture":"#2"},"west":{"uv":[6.5,5,5.5,4.5],"rotation":270,"texture":"#2"},"up":{"uv":[6,4,5.5,3.5],"rotation":90,"texture":"#2"},"down":{"uv":[6,4,5.5,3.5],"rotation":90,"texture":"#2"}}},{"from":[24,19.5,7],"to":[26,21.5,9],"rotation":{"angle":0,"axis":"y","origin":[16,0,0]},"faces":{"north":{"uv":[12,8.5,13,9.5],"texture":"#1"},"east":{"uv":[13,0,14,1],"texture":"#1"},"south":{"uv":[12,8.5,13,9.5],"texture":"#1"},"west":{"uv":[13,0,14,1],"texture":"#1"},"up":{"uv":[12,8.5,13,9.5],"texture":"#1"},"down":{"uv":[12,8.5,13,9.5],"texture":"#1"}}},{"from":[-7,9,8],"to":[5,15,8],"rotation":{"angle":0,"axis":"y","origin":[16,0,0]},"faces":{"north":{"uv":[0,0,12,6],"texture":"#9"},"east":{"uv":[0,0,0,6],"texture":"#9"},"south":{"uv":[12,0,0,6],"texture":"#9"},"west":{"uv":[0,0,0,6],"texture":"#9"},"up":{"uv":[0,0,0,12],"rotation":90,"texture":"#9"},"down":{"uv":[0,0,0,12],"rotation":270,"texture":"#9"}}}],"gui_light":"front","display":{"thirdperson_righthand":{"rotation":[0,90,0],"translation":[0,5.25,1.5],"scale":[0.65,0.65,0.65]},"thirdperson_lefthand":{"rotation":[0,-90,0],"translation":[0,5.75,1.5],"scale":[0.65,0.65,0.65]},"firstperson_righthand":{"rotation":[-175.56,63,170],"translation":[0.5,4.75,0.5],"scale":[0.45,0.45,0.45]},"firstperson_lefthand":{"rotation":[156,-112,176],"translation":[0.5,5.25,0.5],"scale":[0.45,0.45,0.45]},"ground":{"rotation":[45,0,0],"translation":[0,7.5,0],"scale":[0.39,0.39,0.39]},"gui":{"rotation":[0,0,-45],"translation":[-1.75,0.75,0],"scale":[0.41,0.41,0.41]},"head":{"rotation":[-135.5,0,0],"translation":[0,20.5,4.75],"scale":[0,0,0]},"fixed":{"translation":[-0.5,0,-7.75],"scale":[1.5,1.5,1.5]}},"groups":[0,1,2,3,4,5,{"name":"group","origin":[9.4,20.9,8],"color":0,"children":[6,7,8,9,10,11,12,13,14,15,16,17,18]},19,20,{"name":"group","origin":[9.4,20.9,8],"color":0,"children":[21,22,23,24,25,26,27,28,29,30,31,32,33]},{"name":"group","origin":[9.4,20.9,8],"color":0,"children":[34,35,36,37,38,39,40,41,42,43,44,45,46]},{"name":"group","origin":[9.4,20.9,8],"color":0,"children":[47,48,49,50,51,52,53,54,55,56,57,58,59]},60,{"name":"group","origin":[20.1,9,16],"color":0,"children":[61,62,63,64,65,66,67,68,69,70,71]},72,73],"mcmodels":"6d08e4e2fad88176756b21567a10af0d"}