{"credit":"MadewithBlockbench","texture_size":[32,32],"textures":{"0":"elitecreatures:valentines_animated_weapon_and_tool_set_v1/valentine_tex4","2":"elitecreatures:valentines_animated_weapon_and_tool_set_v1/valentine_tex1","3":"elitecreatures:valentines_animated_weapon_and_tool_set_v1/valentine_tex2","4":"elitecreatures:valentines_animated_weapon_and_tool_set_v1/valentine_tex3","5":"elitecreatures:valentines_animated_weapon_and_tool_set_v1/bowfill","6":"elitecreatures:valentines_animated_weapon_and_tool_set_v1/cameralens1","7":"elitecreatures:valentines_animated_weapon_and_tool_set_v1/heartnitro","8":"elitecreatures:valentines_animated_weapon_and_tool_set_v1/valentine_tex7","particle":"elitecreatures:valentines_animated_weapon_and_tool_set_v1/valentine_tex4"},"elements":[{"from":[7,-9,7],"to":[9,0,9],"rotation":{"angle":0,"axis":"y","origin":[16,-5,0]},"faces":{"north":{"uv":[0,16,4.5,15],"rotation":90,"texture":"#4"},"east":{"uv":[9,4.5,13.5,3.5],"rotation":90,"texture":"#3"},"south":{"uv":[0,15,4.5,16],"rotation":90,"texture":"#4"},"west":{"uv":[0,15,4.5,14],"rotation":90,"texture":"#4"},"up":{"uv":[13,10,12,9],"rotation":90,"texture":"#4"},"down":{"uv":[13,9,12,10],"rotation":270,"texture":"#4"}}},{"from":[6.1,-0.2,7.7],"to":[12.1,5.8,8.4],"rotation":{"angle":45,"axis":"z","origin":[11.5,3,7.5]},"faces":{"north":{"uv":[0,13,3,16],"rotation":180,"texture":"#0"},"east":{"uv":[3,13,3.5,16],"rotation":180,"texture":"#0"},"south":{"uv":[3,13,0,16],"rotation":180,"texture":"#0"},"west":{"uv":[0,12.5,3,13],"rotation":90,"texture":"#0"},"up":{"uv":[0,13,3,12.5],"texture":"#0"},"down":{"uv":[3,13,3.5,16],"rotation":90,"texture":"#0"}}},{"from":[25,-2.5,6],"to":[29,1.5,8],"rotation":{"angle":-45,"axis":"z","origin":[8.59847,18.86205,8]},"faces":{"north":{"uv":[16,9,14,11],"texture":"#4"},"east":{"uv":[16,7,15,9],"texture":"#4"},"south":{"uv":[16,9,14,11],"texture":"#4"},"west":{"uv":[15,9,16,7],"texture":"#4"},"up":{"uv":[14,15,16,14],"rotation":180,"texture":"#4"},"down":{"uv":[16,14,14,15],"rotation":180,"texture":"#4"}}},{"from":[25,-2.5,8],"to":[29,1.5,10],"rotation":{"angle":-45,"axis":"z","origin":[8.59847,18.86205,8]},"faces":{"north":{"uv":[14,9,16,11],"texture":"#4"},"east":{"uv":[15,7,16,9],"texture":"#4"},"south":{"uv":[14,9,16,11],"texture":"#4"},"west":{"uv":[16,9,15,7],"texture":"#4"},"up":{"uv":[14,14,16,15],"rotation":180,"texture":"#4"},"down":{"uv":[16,15,14,14],"rotation":180,"texture":"#4"}}},{"from":[7,-3,7.5],"to":[10,0,8.5],"rotation":{"angle":0,"axis":"y","origin":[11.5,3,7.5]},"faces":{"north":{"uv":[9,8,7.5,9.5],"texture":"#2"},"east":{"uv":[2.5,14.5,4,15],"rotation":90,"texture":"#2"},"south":{"uv":[7.5,8,9,9.5],"texture":"#2"},"west":{"uv":[2.5,14.5,4,15],"rotation":90,"texture":"#2"},"up":{"uv":[4,14.5,5.5,15],"texture":"#2"},"down":{"uv":[5.5,14.5,7,15],"texture":"#2"}}},{"from":[3.9,-0.2,7.7],"to":[9.9,5.8,8.4],"rotation":{"angle":-45,"axis":"z","origin":[4.5,3,7.5]},"faces":{"north":{"uv":[3,13,0,16],"rotation":180,"texture":"#0"},"east":{"uv":[0,13,3,12.5],"rotation":90,"texture":"#0"},"south":{"uv":[0,13,3,16],"rotation":180,"texture":"#0"},"west":{"uv":[3.5,13,3,16],"rotation":180,"texture":"#0"},"up":{"uv":[3,13,0,12.5],"texture":"#0"},"down":{"uv":[3,16,3.5,13],"rotation":90,"texture":"#0"}}},{"from":[6,-3,7.5],"to":[9,0,8.5],"rotation":{"angle":0,"axis":"y","origin":[4.5,3,7.5]},"faces":{"north":{"uv":[7.5,8,9,9.5],"texture":"#2"},"east":{"uv":[2.5,15,4,14.5],"rotation":90,"texture":"#2"},"south":{"uv":[9,8,7.5,9.5],"texture":"#2"},"west":{"uv":[2.5,15,4,14.5],"rotation":90,"texture":"#2"},"up":{"uv":[5.5,14.5,4,15],"texture":"#2"},"down":{"uv":[7,14.5,5.5,15],"texture":"#2"}}},{"from":[6,0.8,8.4],"to":[9.5,4.3,8.4],"rotation":{"angle":0,"axis":"y","origin":[8.25,2.75,8.5]},"faces":{"north":{"uv":[2,13.5,5.5,10],"texture":"#6"},"east":{"uv":[0,6,0,0],"texture":"#6"},"south":{"uv":[2,10,5.5,13.5],"texture":"#6"},"west":{"uv":[0,6,0,0],"texture":"#6"},"up":{"uv":[0,0,3,0],"rotation":180,"texture":"#6"},"down":{"uv":[0,0,3,0],"rotation":180,"texture":"#6"}}},{"from":[6.2,1,7.6],"to":[9.7,4.5,7.6],"rotation":{"angle":0,"axis":"y","origin":[7.95,2.75,7.5]},"faces":{"north":{"uv":[5.5,10,2,13.5],"texture":"#6"},"east":{"uv":[0,6,0,0],"texture":"#6"},"south":{"uv":[5.5,13.5,2,10],"texture":"#6"},"west":{"uv":[0,6,0,0],"texture":"#6"},"up":{"uv":[0,0,3,0],"rotation":180,"texture":"#6"},"down":{"uv":[0,0,3,0],"rotation":180,"texture":"#6"}}},{"from":[6.99219,4.3,7.49525],"to":[8.99219,5.3,8.69525],"rotation":{"angle":0,"axis":"y","origin":[5.69847,-1.22377,8.09525]},"faces":{"north":{"uv":[2.5,10,2,11],"rotation":270,"texture":"#4"},"east":{"uv":[2.5,11,2,11.5],"rotation":270,"texture":"#4"},"south":{"uv":[2,10,2.5,11],"rotation":90,"texture":"#4"},"west":{"uv":[2.5,11,2,11.5],"rotation":270,"texture":"#4"},"up":{"uv":[3.5,10.5,3,11.5],"rotation":90,"texture":"#4"},"down":{"uv":[3,10,2.5,11],"rotation":90,"texture":"#4"}}},{"from":[1.66596,2.31703,7.69525],"to":[2.66596,3.31703,8.49525],"rotation":{"angle":-45,"axis":"z","origin":[5.69847,-1.22377,8.09525]},"faces":{"north":{"uv":[1,11,1.5,11.5],"texture":"#4"},"east":{"uv":[0.5,11.5,1,12],"texture":"#4"},"south":{"uv":[1.5,11,1,11.5],"texture":"#4"},"west":{"uv":[3,10,3.5,10.5],"texture":"#4"},"up":{"uv":[1,10.5,1.5,11],"rotation":180,"texture":"#4"},"down":{"uv":[1,10.5,1.5,11],"rotation":180,"texture":"#4"}}},{"from":[8.32426,3.25742,7.59525],"to":[9.32426,4.25742,8.59525],"rotation":{"angle":22.5,"axis":"z","origin":[5.69847,-1.22377,8.09525]},"faces":{"north":{"uv":[2.5,12,2,12.5],"rotation":270,"texture":"#4"},"east":{"uv":[3,12,3.5,12.5],"rotation":90,"texture":"#4"},"south":{"uv":[2.5,12,2,12.5],"rotation":270,"texture":"#4"},"west":{"uv":[3,12,3.5,12.5],"rotation":90,"texture":"#4"},"up":{"uv":[2.75,11.5,3.25,12],"rotation":180,"texture":"#4"},"down":{"uv":[2,12.5,2.5,13],"rotation":180,"texture":"#4"}}},{"from":[6.99219,0,7.49525],"to":[8.99219,1,8.69525],"rotation":{"angle":0,"axis":"y","origin":[5.69847,-1.22377,8.09525]},"faces":{"north":{"uv":[1,12,1.5,13],"rotation":270,"texture":"#4"},"east":{"uv":[1.75,11.5,2.25,12],"rotation":270,"texture":"#4"},"south":{"uv":[1.5,12,1,13],"rotation":90,"texture":"#4"},"west":{"uv":[1.75,11.5,2.25,12],"rotation":270,"texture":"#4"},"up":{"uv":[1.5,12,2,13],"rotation":90,"texture":"#4"},"down":{"uv":[2.5,12,3,13],"rotation":90,"texture":"#4"}}},{"from":[5.37421,0.37567,7.59525],"to":[6.37421,1.37567,8.59525],"rotation":{"angle":-22.5,"axis":"z","origin":[5.69847,-1.22377,8.09525]},"faces":{"north":{"uv":[1.5,10.5,2,11],"rotation":270,"texture":"#4"},"east":{"uv":[1.5,11,2,11.5],"rotation":270,"texture":"#4"},"south":{"uv":[2,10.5,1.5,11],"rotation":90,"texture":"#4"},"west":{"uv":[1.5,11,2,11.5],"rotation":270,"texture":"#4"},"up":{"uv":[1.25,11.5,1.75,12],"rotation":90,"texture":"#4"},"down":{"uv":[2.25,11.5,2.75,12],"rotation":90,"texture":"#4"}}},{"from":[7.03216,-0.29836,7.69525],"to":[8.03216,0.70164,8.49525],"rotation":{"angle":45,"axis":"z","origin":[5.69847,-1.22377,8.09525]},"faces":{"north":{"uv":[0.5,12,1,12.5],"texture":"#4"},"east":{"uv":[0.5,12.5,1,13],"texture":"#4"},"south":{"uv":[1,12,0.5,12.5],"texture":"#4"},"west":{"uv":[2.5,11,3,11.5],"texture":"#4"},"up":{"uv":[1.5,10,2,10.5],"rotation":180,"texture":"#4"},"down":{"uv":[1.5,10,2,10.5],"rotation":180,"texture":"#4"}}},{"from":[5.29219,1.1,7.59525],"to":[6.29219,4.1,8.59525],"rotation":{"angle":0,"axis":"y","origin":[5.69847,-1.22377,8.09525]},"faces":{"north":{"uv":[1,10,0.5,11.5],"texture":"#4"},"east":{"uv":[0,11.5,0.5,13],"texture":"#4"},"south":{"uv":[0.5,10,1,11.5],"texture":"#4"},"west":{"uv":[0,10,0.5,11.5],"texture":"#4"},"up":{"uv":[1,10,1.5,10.5],"rotation":180,"texture":"#4"},"down":{"uv":[1,10,1.5,10.5],"rotation":180,"texture":"#4"}}},{"from":[9.49219,1.1,7.59525],"to":[10.49219,4.1,8.59525],"rotation":{"angle":0,"axis":"y","origin":[5.69847,-1.22377,8.09525]},"faces":{"north":{"uv":[0.5,10,1,11.5],"texture":"#4"},"east":{"uv":[0.5,10,0,11.5],"texture":"#4"},"south":{"uv":[1,10,0.5,11.5],"texture":"#4"},"west":{"uv":[0.5,11.5,0,13],"texture":"#4"},"up":{"uv":[1.5,10,1,10.5],"rotation":180,"texture":"#4"},"down":{"uv":[1.5,10,1,10.5],"rotation":180,"texture":"#4"}}},{"from":[6.46717,2.80403,7.69525],"to":[7.46717,3.80403,8.49525],"rotation":{"angle":-45,"axis":"z","origin":[5.69847,-1.22377,8.09525]},"faces":{"north":{"uv":[1,12,0.5,12.5],"texture":"#4"},"east":{"uv":[3,11,2.5,11.5],"texture":"#4"},"south":{"uv":[0.5,12,1,12.5],"texture":"#4"},"west":{"uv":[1,12.5,0.5,13],"texture":"#4"},"up":{"uv":[2,10,1.5,10.5],"rotation":180,"texture":"#4"},"down":{"uv":[2,10,1.5,10.5],"rotation":180,"texture":"#4"}}},{"from":[9.0762,-1.30334,7.59525],"to":[10.0762,-0.30334,8.59525],"rotation":{"angle":22.5,"axis":"z","origin":[5.69847,-1.22377,8.09525]},"faces":{"north":{"uv":[1.5,11,2,10.5],"rotation":270,"texture":"#4"},"east":{"uv":[1.5,11.5,2,11],"rotation":270,"texture":"#4"},"south":{"uv":[2,11,1.5,10.5],"rotation":90,"texture":"#4"},"west":{"uv":[1.5,11.5,2,11],"rotation":270,"texture":"#4"},"up":{"uv":[1.25,12,1.75,11.5],"rotation":90,"texture":"#4"},"down":{"uv":[2.25,12,2.75,11.5],"rotation":90,"texture":"#4"}}},{"from":[6.12615,4.93643,7.59525],"to":[7.12615,5.93643,8.59525],"rotation":{"angle":-22.5,"axis":"z","origin":[5.69847,-1.22377,8.09525]},"faces":{"north":{"uv":[2.5,12.5,2,12],"rotation":270,"texture":"#4"},"east":{"uv":[3,12.5,3.5,12],"rotation":90,"texture":"#4"},"south":{"uv":[2.5,12.5,2,12],"rotation":270,"texture":"#4"},"west":{"uv":[3,12.5,3.5,12],"rotation":90,"texture":"#4"},"up":{"uv":[3.25,11.5,2.75,12],"rotation":180,"texture":"#4"},"down":{"uv":[2.5,12.5,2,13],"rotation":180,"texture":"#4"}}},{"from":[11.83338,-0.78537,7.69525],"to":[12.83338,0.21463,8.49525],"rotation":{"angle":45,"axis":"z","origin":[5.69847,-1.22377,8.09525]},"faces":{"north":{"uv":[1.5,11,1,11.5],"texture":"#4"},"east":{"uv":[3.5,10,3,10.5],"texture":"#4"},"south":{"uv":[1,11,1.5,11.5],"texture":"#4"},"west":{"uv":[1,11.5,0.5,12],"texture":"#4"},"up":{"uv":[1.5,10.5,1,11],"rotation":180,"texture":"#4"},"down":{"uv":[1.5,10.5,1,11],"rotation":180,"texture":"#4"}}},{"from":[8,4.5,6],"to":[10,18.5,10],"rotation":{"angle":0,"axis":"y","origin":[12,13.5,8]},"faces":{"north":{"uv":[16,15,9,16],"rotation":270,"texture":"#4"},"east":{"uv":[15,6.5,1,2.5],"rotation":90,"texture":"#5"},"south":{"uv":[9,15,16,16],"rotation":90,"texture":"#4"},"west":{"uv":[6.5,0,13.5,2],"rotation":90,"texture":"#3"},"up":{"uv":[10.5,15,6.5,13],"rotation":270,"texture":"#5"},"down":{"uv":[9,16,7,15],"rotation":270,"texture":"#4"}}},{"from":[6,4.5,6],"to":[8,18.5,10],"rotation":{"angle":0,"axis":"y","origin":[4,13.5,8]},"faces":{"north":{"uv":[16,16,9,15],"rotation":270,"texture":"#4"},"east":{"uv":[6.5,2,13.5,0],"rotation":90,"texture":"#3"},"south":{"uv":[9,16,16,15],"rotation":90,"texture":"#4"},"west":{"uv":[15,2.5,1,6.5],"rotation":90,"texture":"#5"},"up":{"uv":[10.5,13,6.5,15],"rotation":270,"texture":"#5"},"down":{"uv":[9,15,7,16],"rotation":270,"texture":"#4"}}},{"from":[8,6,8],"to":[8,30,11],"rotation":{"angle":0,"axis":"y","origin":[16,0,0]},"faces":{"north":{"uv":[0,0,0,12],"texture":"#8"},"east":{"uv":[0,16,12,14.5],"rotation":90,"texture":"#8"},"south":{"uv":[0,0,0,12],"texture":"#8"},"west":{"uv":[0,14.5,12,16],"rotation":90,"texture":"#8"},"up":{"uv":[2.5,0,0,0],"rotation":90,"texture":"#8"},"down":{"uv":[2.5,0,0,0],"rotation":270,"texture":"#8"}}},{"from":[8,6,5],"to":[8,30,8],"rotation":{"angle":0,"axis":"y","origin":[16,0,-16]},"faces":{"north":{"uv":[0,0,0,12],"texture":"#8"},"east":{"uv":[0,14.5,12,16],"rotation":90,"texture":"#8"},"south":{"uv":[0,0,0,12],"texture":"#8"},"west":{"uv":[0,16,12,14.5],"rotation":90,"texture":"#8"},"up":{"uv":[0,0,2.5,0],"rotation":90,"texture":"#8"},"down":{"uv":[0,0,2.5,0],"rotation":270,"texture":"#8"}}},{"from":[7.5,1,1],"to":[10.5,5,3],"rotation":{"angle":45,"axis":"y","origin":[16,-1.5,1]},"faces":{"north":{"uv":[11.5,5.75,10,7.75],"texture":"#2"},"east":{"uv":[10,5.75,9,7.75],"texture":"#2"},"south":{"uv":[11.5,5.75,10,7.75],"texture":"#2"},"west":{"uv":[10,5.75,9,7.75],"texture":"#2"},"up":{"uv":[8.5,0,7,1],"texture":"#2"},"down":{"uv":[8.5,0,7,1],"texture":"#2"}}},{"from":[7.5,1,13],"to":[10.5,5,15],"rotation":{"angle":-45,"axis":"y","origin":[16,-1.5,15]},"faces":{"north":{"uv":[10,5.75,11.5,7.75],"texture":"#2"},"east":{"uv":[9,5.75,10,7.75],"texture":"#2"},"south":{"uv":[11.5,5.75,10,7.75],"texture":"#2"},"west":{"uv":[9,5.75,10,7.75],"texture":"#2"},"up":{"uv":[8.5,1,7,0],"texture":"#2"},"down":{"uv":[8.5,1,7,0],"texture":"#2"}}},{"from":[5.5,1,1],"to":[8.5,5,3],"rotation":{"angle":-45,"axis":"y","origin":[0,-1.5,1]},"faces":{"north":{"uv":[10,5.75,11.5,7.75],"texture":"#2"},"east":{"uv":[9,5.75,10,7.75],"texture":"#2"},"south":{"uv":[10,5.75,11.5,7.75],"texture":"#2"},"west":{"uv":[9,5.75,10,7.75],"texture":"#2"},"up":{"uv":[7,0,8.5,1],"texture":"#2"},"down":{"uv":[7,0,8.5,1],"texture":"#2"}}},{"from":[5.5,1,13],"to":[8.5,5,15],"rotation":{"angle":45,"axis":"y","origin":[0,-1.5,15]},"faces":{"north":{"uv":[11.5,5.75,10,7.75],"texture":"#2"},"east":{"uv":[10,5.75,9,7.75],"texture":"#2"},"south":{"uv":[10,5.75,11.5,7.75],"texture":"#2"},"west":{"uv":[10,5.75,9,7.75],"texture":"#2"},"up":{"uv":[7,1,8.5,0],"texture":"#2"},"down":{"uv":[7,1,8.5,0],"texture":"#2"}}},{"from":[6,7,4.5],"to":[10,23,4.5],"rotation":{"angle":0,"axis":"y","origin":[16,16,0]},"faces":{"north":{"uv":[0.5,16,4.5,0],"texture":"#7"},"east":{"uv":[0.5,16,0.5,0],"texture":"#7"},"south":{"uv":[4.5,16,0.5,0],"texture":"#7"},"west":{"uv":[0.5,16,0.5,0],"texture":"#7"},"up":{"uv":[0,8,0,0],"rotation":270,"texture":"#7"},"down":{"uv":[0,8,0,0],"rotation":90,"texture":"#7"}}},{"from":[6,7,11.5],"to":[10,23,11.5],"rotation":{"angle":0,"axis":"y","origin":[16,16,16]},"faces":{"north":{"uv":[0.5,16,4.5,0],"texture":"#7"},"east":{"uv":[0.5,16,0.5,0],"texture":"#7"},"south":{"uv":[4.5,16,0.5,0],"texture":"#7"},"west":{"uv":[0.5,16,0.5,0],"texture":"#7"},"up":{"uv":[0,8,0,0],"rotation":270,"texture":"#7"},"down":{"uv":[0,8,0,0],"rotation":90,"texture":"#7"}}}],"gui_light":"front","display":{"thirdperson_righthand":{"rotation":[0,90,0],"translation":[0,6.25,1.5],"scale":[0.65,0.65,0.65]},"thirdperson_lefthand":{"rotation":[0,90,0],"translation":[0,6.25,1.5],"scale":[0.65,0.65,0.65]},"firstperson_righthand":{"rotation":[-175.56,63,170],"translation":[0.5,4.5,0.5],"scale":[0.51,0.51,0.51]},"firstperson_lefthand":{"rotation":[-175.56,63,170],"translation":[0.5,4.5,0.5],"scale":[0.51,0.51,0.51]},"ground":{"rotation":[45,0,0],"translation":[0,7.5,0],"scale":[0.39,0.39,0.39]},"gui":{"rotation":[56,29,-45],"translation":[-0.5,0,0],"scale":[0.45,0.45,0.45]},"head":{"rotation":[-135.5,0,0],"translation":[0,20.5,4.75],"scale":[0,0,0]},"fixed":{"translation":[-0.5,0,-7.75],"scale":[1.5,1.5,1.5]}},"groups":[0,1,2,3,4,5,6,7,{"name":"group","origin":[9.4,20.9,8],"color":0,"children":[8,9,10,11,12,13,14,15,16,17,18,19,20]},21,22,23,24,25,26,27,28,29,30],"mcmodels":"6d08e4e2fad88176756b21567a10af0d"}