{"parent":"minecraft:item/handheld","textures":{"layer0":"minecraft:item/iron_sword"},"overrides":[{"predicate":{"custom_model_data":10101},"model":"elitecreatures:valentines_animated_weapon_and_tool_set_v1/hammer"},{"predicate":{"custom_model_data":10102},"model":"elitecreatures:valentines_animated_weapon_and_tool_set_v1/quiver"},{"predicate":{"custom_model_data":10103},"model":"elitecreatures:valentines_animated_weapon_and_tool_set_v1/spear"},{"predicate":{"custom_model_data":10104},"model":"elitecreatures:valentines_animated_weapon_and_tool_set_v1/staff"},{"predicate":{"custom_model_data":10105},"model":"elitecreatures:valentines_animated_weapon_and_tool_set_v1/sword"}],"mcmodels":"6d08e4e2fad88176756b21567a10af0d"}