{"parent":"minecraft:item/generated","textures":{"layer0":"minecraft:item/paper"},"overrides":[{"predicate":{"custom_model_data":10101},"model":"elitecreatures:carnivoret_weapon_set/chest"},{"predicate":{"custom_model_data":10102},"model":"elitecreatures:carnivoret_weapon_set/hat"},{"predicate":{"custom_model_data":10103},"model":"elitecreatures:carnivoret_weapon_set/key"},{"predicate":{"custom_model_data":10104},"model":"elitecreatures:carnivoret_weapon_set/wing"}],"mcmodels":"1eb04cea1bf9807f4e923c560190dc81"}