{"display":{"firstperson_lefthand":{"rotation":[0,180,5],"scale":[1.25,1.25,1.25],"translation":[10,0,-10]},"firstperson_righthand":{"rotation":[0,180,5],"scale":[1.25,1.25,1.25],"translation":[-10,2,-10]},"fixed":{"rotation":[0,180,0],"scale":[0.5,0.5,0.5],"translation":[-2,4,-5]},"ground":{"rotation":[0,0,0],"scale":[0.25,0.25,0.25],"translation":[4,4,2]},"gui":{"rotation":[15,-25,-5],"scale":[0.65,0.65,0.65],"translation":[2,3,0]},"thirdperson_lefthand":{"rotation":[0,90,0],"scale":[1,1,1],"translation":[10,6,12]},"thirdperson_righthand":{"rotation":[0,90,0],"scale":[1,1,1],"translation":[10,6,-4]}},"gui_light":"front","overrides":[{"model":"item/shield_blocking","predicate":{"blocking":1}},{"model":"elitecreatures:carnivoret_weapon_set/shield","predicate":{"custom_model_data":10101}},{"model":"elitecreatures:carnivoret_weapon_set/shield_blocking","predicate":{"blocking":1,"custom_model_data":10101}}],"parent":"builtin/entity","textures":{"particle":"block/dark_oak_planks"},"mcmodels":"1eb04cea1bf9807f4e923c560190dc81"}